ISO-10303-21;
HEADER;
FILE_DESCRIPTION(('Open CASCADE Model'),'2;1');
FILE_NAME('Open CASCADE Shape Model','2026-09-21T16:05:39',('Author'),(
    'Open CASCADE'),'Open CASCADE STEP processor 7.8','Open CASCADE 7.8'
  ,'Unknown');
FILE_SCHEMA(('AUTOMOTIVE_DESIGN { 1 0 10303 214 1 1 1 1 }'));
ENDSEC;
DATA;
#1 = APPLICATION_PROTOCOL_DEFINITION('international standard',
  'automotive_design',2000,#2);
#2 = APPLICATION_CONTEXT(
  'core data for automotive mechanical design processes');
#3 = SHAPE_DEFINITION_REPRESENTATION(#4,#10);
#4 = PRODUCT_DEFINITION_SHAPE('','',#5);
#5 = PRODUCT_DEFINITION('design','',#6,#9);
#6 = PRODUCT_DEFINITION_FORMATION('','',#7);
#7 = PRODUCT('Open CASCADE STEP translator 7.8 7',
  'Open CASCADE STEP translator 7.8 7','',(#8));
#8 = PRODUCT_CONTEXT('',#2,'mechanical');
#9 = PRODUCT_DEFINITION_CONTEXT('part definition',#2,'design');
#10 = ADVANCED_BREP_SHAPE_REPRESENTATION('',(#11,#15),#2187);
#11 = AXIS2_PLACEMENT_3D('',#12,#13,#14);
#12 = CARTESIAN_POINT('',(0.,0.,0.));
#13 = DIRECTION('',(0.,0.,1.));
#14 = DIRECTION('',(1.,0.,-0.));
#15 = MANIFOLD_SOLID_BREP('',#16);
#16 = CLOSED_SHELL('',(#17,#1790,#1863,#1891,#1920,#1927,#2001,#2075,
    #2150,#2178));
#17 = ADVANCED_FACE('',(#18),#61,.T.);
#18 = FACE_BOUND('',#19,.T.);
#19 = EDGE_LOOP('',(#20,#142,#168,#268,#291,#391,#417,#607,#628,#818,
    #844,#1029,#1050,#1143,#1144,#1239,#1265,#1375,#1470,#1491,#1676,
    #1697));
#20 = ORIENTED_EDGE('',*,*,#21,.T.);
#21 = EDGE_CURVE('',#22,#24,#26,.T.);
#22 = VERTEX_POINT('',#23);
#23 = CARTESIAN_POINT('',(-5.143516556419E-16,-3.2,2.1));
#24 = VERTEX_POINT('',#25);
#25 = CARTESIAN_POINT('',(1.113552872566,-3.,1.780449381476));
#26 = SURFACE_CURVE('',#27,(#60,#101),.PCURVE_S1.);
#27 = B_SPLINE_CURVE_WITH_KNOTS('',6,(#28,#29,#30,#31,#32,#33,#34,#35,
    #36,#37,#38,#39,#40,#41,#42,#43,#44,#45,#46,#47,#48,#49,#50,#51,#52,
    #53,#54,#55,#56,#57,#58,#59),.UNSPECIFIED.,.F.,.F.,(7,5,5,5,5,5,7),(
    0.,0.230870686997,0.332079872651,0.581496940112,0.798215781448,
    0.911605207237,1.),.UNSPECIFIED.);
#28 = CARTESIAN_POINT('',(-5.510910596163E-16,-3.2,2.1));
#29 = CARTESIAN_POINT('',(0.153271555839,-3.2,2.1));
#30 = CARTESIAN_POINT('',(0.305280377715,-3.19119015082,2.086575828279)
  );
#31 = CARTESIAN_POINT('',(0.453793516156,-3.173844493024,2.060142685075)
  );
#32 = CARTESIAN_POINT('',(0.596645688789,-3.14889916987,2.021768417045)
  );
#33 = CARTESIAN_POINT('',(0.731856759708,-3.117925288944,1.973171142791)
  );
#34 = CARTESIAN_POINT('',(0.912920361328,-3.067549078277,1.8921499341));
#35 = CARTESIAN_POINT('',(0.966521293505,-3.051358842206,1.865876847919)
  );
#36 = CARTESIAN_POINT('',(1.018532621505,-3.034442682742,1.838140261655)
  );
#37 = CARTESIAN_POINT('',(1.068952126886,-3.01690742737,1.809048916373)
  );
#38 = CARTESIAN_POINT('',(1.117782499403,-2.998855758579,1.778703835359)
  );
#39 = CARTESIAN_POINT('',(1.281470042044,-2.934870387903,1.669557029286)
  );
#40 = CARTESIAN_POINT('',(1.388352980163,-2.88679682766,1.584835517417)
  );
#41 = CARTESIAN_POINT('',(1.486038655401,-2.837530080685,1.49424434347)
  );
#42 = CARTESIAN_POINT('',(1.574939197505,-2.788220024534,1.398591996973)
  );
#43 = CARTESIAN_POINT('',(1.655404891382,-2.739890150276,1.298374808841)
  );
#44 = CARTESIAN_POINT('',(1.79039512915,-2.653308230269,1.103028875893)
  );
#45 = CARTESIAN_POINT('',(1.84697952107,-2.614538643984,1.008894762026)
  );
#46 = CARTESIAN_POINT('',(1.897379638449,-2.578006344488,0.911786708921)
  );
#47 = CARTESIAN_POINT('',(1.941563781069,-2.544458181745,0.811979079639)
  );
#48 = CARTESIAN_POINT('',(1.979466889334,-2.514626965896,0.709682992235)
  );
#49 = CARTESIAN_POINT('',(2.027420126668,-2.475886914744,0.55030531989)
  );
#50 = CARTESIAN_POINT('',(2.042126966508,-2.463789480629,0.494943460658)
  );
#51 = CARTESIAN_POINT('',(2.055034147076,-2.453011571418,0.439046054413)
  );
#52 = CARTESIAN_POINT('',(2.066115269448,-2.443648567131,0.382688563699)
  );
#53 = CARTESIAN_POINT('',(2.075349295105,-2.435779031203,0.325940455758)
  );
#54 = CARTESIAN_POINT('',(2.088461236594,-2.424538492643,0.224371074921)
  );
#55 = CARTESIAN_POINT('',(2.093069912727,-2.420559171455,0.179686897117)
  );
#56 = CARTESIAN_POINT('',(2.096533228342,-2.417554487098,0.134860918005)
  );
#57 = CARTESIAN_POINT('',(2.098844402063,-2.415544462459,
    8.994038290007E-02));
#58 = CARTESIAN_POINT('',(2.100000012849,-2.414539282355,
    4.497149192392E-02));
#59 = CARTESIAN_POINT('',(2.1,-2.41453929353,-5.999999990543E-07));
#60 = PCURVE('',#61,#66);
#61 = CYLINDRICAL_SURFACE('',#62,3.2);
#62 = AXIS2_PLACEMENT_3D('',#63,#64,#65);
#63 = CARTESIAN_POINT('',(0.,0.,0.));
#64 = DIRECTION('',(0.,0.,1.));
#65 = DIRECTION('',(1.,0.,-0.));
#66 = DEFINITIONAL_REPRESENTATION('',(#67),#100);
#67 = B_SPLINE_CURVE_WITH_KNOTS('',6,(#68,#69,#70,#71,#72,#73,#74,#75,
    #76,#77,#78,#79,#80,#81,#82,#83,#84,#85,#86,#87,#88,#89,#90,#91,#92,
    #93,#94,#95,#96,#97,#98,#99),.UNSPECIFIED.,.F.,.F.,(7,5,5,5,5,5,7),(
    0.,0.230870686997,0.332079872651,0.581496940112,0.798215781448,
    0.911605207237,1.),.UNSPECIFIED.);
#68 = CARTESIAN_POINT('',(4.712388980385,2.1));
#69 = CARTESIAN_POINT('',(4.760286341584,2.1));
#70 = CARTESIAN_POINT('',(4.807789192477,2.086575828279));
#71 = CARTESIAN_POINT('',(4.854396906504,2.060142685075));
#72 = CARTESIAN_POINT('',(4.899616359585,2.021768417045));
#73 = CARTESIAN_POINT('',(4.942918178464,1.973171142791));
#74 = CARTESIAN_POINT('',(5.001649716814,1.8921499341));
#75 = CARTESIAN_POINT('',(5.019143270952,1.865876847919));
#76 = CARTESIAN_POINT('',(5.036229266469,1.838140261655));
#77 = CARTESIAN_POINT('',(5.05290618177,1.809048916373));
#78 = CARTESIAN_POINT('',(5.069172262743,1.778703835359));
#79 = CARTESIAN_POINT('',(5.124093850381,1.669557029286));
#80 = CARTESIAN_POINT('',(5.160671950674,1.584835517417));
#81 = CARTESIAN_POINT('',(5.194816182475,1.49424434347));
#82 = CARTESIAN_POINT('',(5.226554842184,1.398591996973));
#83 = CARTESIAN_POINT('',(5.255874747059,1.298374808841));
#84 = CARTESIAN_POINT('',(5.30599062174,1.103028875893));
#85 = CARTESIAN_POINT('',(5.32741574716,1.008894762026));
#86 = CARTESIAN_POINT('',(5.34685943981,0.911786708921));
#87 = CARTESIAN_POINT('',(5.364191846117,0.811979079639));
#88 = CARTESIAN_POINT('',(5.379263840377,0.709682992235));
#89 = CARTESIAN_POINT('',(5.398528406026,0.55030531989));
#90 = CARTESIAN_POINT('',(5.404479138121,0.494943460658));
#91 = CARTESIAN_POINT('',(5.409733789584,0.439046054413));
#92 = CARTESIAN_POINT('',(5.414267207868,0.382688563699));
#93 = CARTESIAN_POINT('',(5.418058587932,0.325940455758));
#94 = CARTESIAN_POINT('',(5.423455642221,0.224371074921));
#95 = CARTESIAN_POINT('',(5.42535842325,0.179686897117));
#96 = CARTESIAN_POINT('',(5.426791241911,0.134860918005));
#97 = CARTESIAN_POINT('',(5.427748413412,8.994038290007E-02));
#98 = CARTESIAN_POINT('',(5.428227045931,4.497149192392E-02));
#99 = CARTESIAN_POINT('',(5.42822704061,-6.E-07));
#100 = ( GEOMETRIC_REPRESENTATION_CONTEXT(2) 
PARAMETRIC_REPRESENTATION_CONTEXT() REPRESENTATION_CONTEXT('2D SPACE',''
  ) );
#101 = PCURVE('',#102,#107);
#102 = CYLINDRICAL_SURFACE('',#103,2.1);
#103 = AXIS2_PLACEMENT_3D('',#104,#105,#106);
#104 = CARTESIAN_POINT('',(0.,-5.,0.));
#105 = DIRECTION('',(0.,1.,0.));
#106 = DIRECTION('',(0.,-0.,1.));
#107 = DEFINITIONAL_REPRESENTATION('',(#108),#141);
#108 = B_SPLINE_CURVE_WITH_KNOTS('',6,(#109,#110,#111,#112,#113,#114,
    #115,#116,#117,#118,#119,#120,#121,#122,#123,#124,#125,#126,#127,
    #128,#129,#130,#131,#132,#133,#134,#135,#136,#137,#138,#139,#140),
  .UNSPECIFIED.,.F.,.F.,(7,5,5,5,5,5,7),(0.,0.230870686997,
    0.332079872651,0.581496940112,0.798215781448,0.911605207237,1.),
  .UNSPECIFIED.);
#109 = CARTESIAN_POINT('',(0.,1.8));
#110 = CARTESIAN_POINT('',(7.298645516161E-02,1.8));
#111 = CARTESIAN_POINT('',(0.145371538713,1.80880984918));
#112 = CARTESIAN_POINT('',(0.216792283859,1.826155506976));
#113 = CARTESIAN_POINT('',(0.286857884691,1.85110083013));
#114 = CARTESIAN_POINT('',(0.355080531086,1.882074711056));
#115 = CARTESIAN_POINT('',(0.449539803872,1.932450921723));
#116 = CARTESIAN_POINT('',(0.477948147533,1.948641157794));
#117 = CARTESIAN_POINT('',(0.505992771738,1.965557317258));
#118 = CARTESIAN_POINT('',(0.533689245531,1.98309257263));
#119 = CARTESIAN_POINT('',(0.561052075402,2.001144241421));
#120 = CARTESIAN_POINT('',(0.654737800932,2.065129612097));
#121 = CARTESIAN_POINT('',(0.719465510373,2.11320317234));
#122 = CARTESIAN_POINT('',(0.782632348704,2.162469919315));
#123 = CARTESIAN_POINT('',(0.844569475478,2.211779975466));
#124 = CARTESIAN_POINT('',(0.90561323768,2.260109849724));
#125 = CARTESIAN_POINT('',(1.018684561278,2.346691769731));
#126 = CARTESIAN_POINT('',(1.070880196069,2.385461356016));
#127 = CARTESIAN_POINT('',(1.122828084586,2.421993655512));
#128 = CARTESIAN_POINT('',(1.174655593485,2.455541818255));
#129 = CARTESIAN_POINT('',(1.22650265872,2.485373034104));
#130 = CARTESIAN_POINT('',(1.305757629755,2.524113085256));
#131 = CARTESIAN_POINT('',(1.333020255679,2.536210519371));
#132 = CARTESIAN_POINT('',(1.360316536014,2.546988428582));
#133 = CARTESIAN_POINT('',(1.387645170014,2.556351432869));
#134 = CARTESIAN_POINT('',(1.415008668337,2.564220968797));
#135 = CARTESIAN_POINT('',(1.463776390584,2.575461507357));
#136 = CARTESIAN_POINT('',(1.485160398192,2.579440828545));
#137 = CARTESIAN_POINT('',(1.506559166233,2.582445512902));
#138 = CARTESIAN_POINT('',(1.527967610264,2.584455537541));
#139 = CARTESIAN_POINT('',(1.549381330641,2.585460717645));
#140 = CARTESIAN_POINT('',(1.570796612509,2.58546070647));
#141 = ( GEOMETRIC_REPRESENTATION_CONTEXT(2) 
PARAMETRIC_REPRESENTATION_CONTEXT() REPRESENTATION_CONTEXT('2D SPACE',''
  ) );
#142 = ORIENTED_EDGE('',*,*,#143,.T.);
#143 = EDGE_CURVE('',#24,#144,#146,.T.);
#144 = VERTEX_POINT('',#145);
#145 = CARTESIAN_POINT('',(1.113552872566,-3.,6.910861017268));
#146 = SURFACE_CURVE('',#147,(#151,#157),.PCURVE_S1.);
#147 = LINE('',#148,#149);
#148 = CARTESIAN_POINT('',(1.113552872566,-3.,0.));
#149 = VECTOR('',#150,1.);
#150 = DIRECTION('',(0.,0.,1.));
#151 = PCURVE('',#61,#152);
#152 = DEFINITIONAL_REPRESENTATION('',(#153),#156);
#153 = B_SPLINE_CURVE_WITH_KNOTS('',1,(#154,#155),.UNSPECIFIED.,.F.,.F.,
  (2,2),(-6.E-07,8.4),.PIECEWISE_BEZIER_KNOTS.);
#154 = CARTESIAN_POINT('',(5.067810182075,-6.E-07));
#155 = CARTESIAN_POINT('',(5.067810182075,8.4));
#156 = ( GEOMETRIC_REPRESENTATION_CONTEXT(2) 
PARAMETRIC_REPRESENTATION_CONTEXT() REPRESENTATION_CONTEXT('2D SPACE',''
  ) );
#157 = PCURVE('',#158,#163);
#158 = PLANE('',#159);
#159 = AXIS2_PLACEMENT_3D('',#160,#161,#162);
#160 = CARTESIAN_POINT('',(0.,-3.,0.));
#161 = DIRECTION('',(0.,1.,0.));
#162 = DIRECTION('',(0.,-0.,1.));
#163 = DEFINITIONAL_REPRESENTATION('',(#164),#167);
#164 = B_SPLINE_CURVE_WITH_KNOTS('',1,(#165,#166),.UNSPECIFIED.,.F.,.F.,
  (2,2),(-6.E-07,8.4),.PIECEWISE_BEZIER_KNOTS.);
#165 = CARTESIAN_POINT('',(-6.E-07,1.113552872566));
#166 = CARTESIAN_POINT('',(8.4,1.113552872566));
#167 = ( GEOMETRIC_REPRESENTATION_CONTEXT(2) 
PARAMETRIC_REPRESENTATION_CONTEXT() REPRESENTATION_CONTEXT('2D SPACE',''
  ) );
#168 = ORIENTED_EDGE('',*,*,#169,.T.);
#169 = EDGE_CURVE('',#144,#170,#172,.T.);
#170 = VERTEX_POINT('',#171);
#171 = CARTESIAN_POINT('',(3.2,-7.837739514543E-16,6.225752966509));
#172 = SURFACE_CURVE('',#173,(#201,#232),.PCURVE_S1.);
#173 = B_SPLINE_CURVE_WITH_KNOTS('',6,(#174,#175,#176,#177,#178,#179,
    #180,#181,#182,#183,#184,#185,#186,#187,#188,#189,#190,#191,#192,
    #193,#194,#195,#196,#197,#198,#199,#200),.UNSPECIFIED.,.F.,.F.,(7,5,
    5,5,5,7),(0.,0.161644730125,0.27935867628,0.370634915758,
    0.661079065363,1.),.UNSPECIFIED.);
#174 = CARTESIAN_POINT('',(1.113551256117,-3.0000006,6.910861277728));
#175 = CARTESIAN_POINT('',(1.229986265313,-2.956781825062,6.892100034298
    ));
#176 = CARTESIAN_POINT('',(1.342489815805,-2.908852426991,6.871557088205
    ));
#177 = CARTESIAN_POINT('',(1.450943058668,-2.85663742189,6.849527937741)
  );
#178 = CARTESIAN_POINT('',(1.555255923733,-2.800544035976,6.826305534119
    ));
#179 = CARTESIAN_POINT('',(1.655366154489,-2.740964086228,6.802173774732
    ));
#180 = CARTESIAN_POINT('',(1.821054993535,-2.632625509909,6.759360807328
    ));
#181 = CARTESIAN_POINT('',(1.888653425367,-2.585307404018,6.740973101438
    ));
#182 = CARTESIAN_POINT('',(1.954053668092,-2.536441179809,6.722331416587
    ));
#183 = CARTESIAN_POINT('',(2.017278089768,-2.486135280686,6.703523380659
    ));
#184 = CARTESIAN_POINT('',(2.078351396902,-2.434487457005,6.684630711572
    ));
#185 = CARTESIAN_POINT('',(2.18301029672,-2.340563639482,6.651072862807)
  );
#186 = CARTESIAN_POINT('',(2.227444000174,-2.298786978795,6.636410838436
    ));
#187 = CARTESIAN_POINT('',(2.270615477106,-2.256294027209,6.621778005143
    ));
#188 = CARTESIAN_POINT('',(2.312538121985,-2.213120865029,6.607207454553
    ));
#189 = CARTESIAN_POINT('',(2.353224991458,-2.169300409675,6.592730508926
    ));
#190 = CARTESIAN_POINT('',(2.518264021299,-1.983459182465,6.532702472266
    ));
#191 = CARTESIAN_POINT('',(2.631515600656,-1.835735604792,6.488253634918
    ));
#192 = CARTESIAN_POINT('',(2.732756856163,-1.682722583549,6.446012494627
    ));
#193 = CARTESIAN_POINT('',(2.82226933693,-1.525214535945,6.406806615129)
  );
#194 = CARTESIAN_POINT('',(2.900265343039,-1.363831683616,6.371331520579
    ));
#195 = CARTESIAN_POINT('',(3.044548971877,-1.006835392931,6.303814763171
    ));
#196 = CARTESIAN_POINT('',(3.10672031571,-0.809977834888,6.273329188863)
  );
#197 = CARTESIAN_POINT('',(3.153341538126,-0.609768748904,6.249735154626
    ));
#198 = CARTESIAN_POINT('',(3.184434752408,-0.407336220837,6.233753405648
    ));
#199 = CARTESIAN_POINT('',(3.2,-0.203733838967,6.225752966509));
#200 = CARTESIAN_POINT('',(3.2,-8.881784197001E-16,6.225752966509));
#201 = PCURVE('',#61,#202);
#202 = DEFINITIONAL_REPRESENTATION('',(#203),#231);
#203 = B_SPLINE_CURVE_WITH_KNOTS('',6,(#204,#205,#206,#207,#208,#209,
    #210,#211,#212,#213,#214,#215,#216,#217,#218,#219,#220,#221,#222,
    #223,#224,#225,#226,#227,#228,#229,#230),.UNSPECIFIED.,.F.,.F.,(7,5,
    5,5,5,7),(0.,0.161644730125,0.27935867628,0.370634915758,
    0.661079065363,1.),.UNSPECIFIED.);
#204 = CARTESIAN_POINT('',(5.067809643259,6.910861277728));
#205 = CARTESIAN_POINT('',(5.106621305228,6.892100034298));
#206 = CARTESIAN_POINT('',(5.144793456831,6.871557088205));
#207 = CARTESIAN_POINT('',(5.182350164773,6.849527937741));
#208 = CARTESIAN_POINT('',(5.219308926979,6.826305534119));
#209 = CARTESIAN_POINT('',(5.255682100111,6.802173774732));
#210 = CARTESIAN_POINT('',(5.317546081535,6.759360807328));
#211 = CARTESIAN_POINT('',(5.343318934574,6.740973101438));
#212 = CARTESIAN_POINT('',(5.368813205845,6.722331416587));
#213 = CARTESIAN_POINT('',(5.394044781164,6.703523380659));
#214 = CARTESIAN_POINT('',(5.419029112525,6.684630711572));
#215 = CARTESIAN_POINT('',(5.462974178563,6.651072862807));
#216 = CARTESIAN_POINT('',(5.482028109786,6.636410838436));
#217 = CARTESIAN_POINT('',(5.50095064013,6.621778005143));
#218 = CARTESIAN_POINT('',(5.519749229023,6.607207454553));
#219 = CARTESIAN_POINT('',(5.538431166963,6.592730508926));
#220 = CARTESIAN_POINT('',(5.616101621588,6.532702472266));
#221 = CARTESIAN_POINT('',(5.674119474215,6.488253634918));
#222 = CARTESIAN_POINT('',(5.73125169274,6.446012494627));
#223 = CARTESIAN_POINT('',(5.78767712652,6.406806615129));
#224 = CARTESIAN_POINT('',(5.843567809737,6.371331520579));
#225 = CARTESIAN_POINT('',(5.963896184141,6.303814763171));
#226 = CARTESIAN_POINT('',(6.028212147876,6.273329188863));
#227 = CARTESIAN_POINT('',(6.092168024766,6.249735154626));
#228 = CARTESIAN_POINT('',(6.155892744365,6.233753405648));
#229 = CARTESIAN_POINT('',(6.219518482503,6.225752966509));
#230 = CARTESIAN_POINT('',(6.28318530718,6.225752966509));
#231 = ( GEOMETRIC_REPRESENTATION_CONTEXT(2) 
PARAMETRIC_REPRESENTATION_CONTEXT() REPRESENTATION_CONTEXT('2D SPACE',''
  ) );
#232 = PCURVE('',#233,#238);
#233 = CYLINDRICAL_SURFACE('',#234,7.);
#234 = AXIS2_PLACEMENT_3D('',#235,#236,#237);
#235 = CARTESIAN_POINT('',(0.,-3.,0.));
#236 = DIRECTION('',(0.,1.,0.));
#237 = DIRECTION('',(0.,-0.,1.));
#238 = DEFINITIONAL_REPRESENTATION('',(#239),#267);
#239 = B_SPLINE_CURVE_WITH_KNOTS('',6,(#240,#241,#242,#243,#244,#245,
    #246,#247,#248,#249,#250,#251,#252,#253,#254,#255,#256,#257,#258,
    #259,#260,#261,#262,#263,#264,#265,#266),.UNSPECIFIED.,.F.,.F.,(7,5,
    5,5,5,7),(0.,0.161644730125,0.27935867628,0.370634915758,
    0.661079065363,1.),.UNSPECIFIED.);
#240 = CARTESIAN_POINT('',(0.159757450933,-6.E-07));
#241 = CARTESIAN_POINT('',(0.176605569354,4.321817493821E-02));
#242 = CARTESIAN_POINT('',(0.192939689106,9.114757300882E-02));
#243 = CARTESIAN_POINT('',(0.208744959459,0.14336257811));
#244 = CARTESIAN_POINT('',(0.224007964948,0.199455964024));
#245 = CARTESIAN_POINT('',(0.23871710396,0.259035913772));
#246 = CARTESIAN_POINT('',(0.263164357285,0.367374490091));
#247 = CARTESIAN_POINT('',(0.273171376154,0.414692595982));
#248 = CARTESIAN_POINT('',(0.282885358158,0.463558820191));
#249 = CARTESIAN_POINT('',(0.292307712766,0.513864719314));
#250 = CARTESIAN_POINT('',(0.301439924689,0.565512542995));
#251 = CARTESIAN_POINT('',(0.317140967502,0.659436360518));
#252 = CARTESIAN_POINT('',(0.323825057672,0.701213021205));
#253 = CARTESIAN_POINT('',(0.330336738193,0.743705972791));
#254 = CARTESIAN_POINT('',(0.336676831414,0.786879134971));
#255 = CARTESIAN_POINT('',(0.342846068244,0.830699590325));
#256 = CARTESIAN_POINT('',(0.367934176882,1.016540817535));
#257 = CARTESIAN_POINT('',(0.385308994061,1.164264395208));
#258 = CARTESIAN_POINT('',(0.400975934062,1.317277416451));
#259 = CARTESIAN_POINT('',(0.414934116623,1.474785464055));
#260 = CARTESIAN_POINT('',(0.427174020016,1.636168316384));
#261 = CARTESIAN_POINT('',(0.449931067851,1.993164607069));
#262 = CARTESIAN_POINT('',(0.459821332162,2.190022165112));
#263 = CARTESIAN_POINT('',(0.467285625823,2.390231251096));
#264 = CARTESIAN_POINT('',(0.472279939836,2.592663779163));
#265 = CARTESIAN_POINT('',(0.474780073566,2.796266161033));
#266 = CARTESIAN_POINT('',(0.474780073566,3.));
#267 = ( GEOMETRIC_REPRESENTATION_CONTEXT(2) 
PARAMETRIC_REPRESENTATION_CONTEXT() REPRESENTATION_CONTEXT('2D SPACE',''
  ) );
#268 = ORIENTED_EDGE('',*,*,#269,.T.);
#269 = EDGE_CURVE('',#170,#270,#272,.T.);
#270 = VERTEX_POINT('',#271);
#271 = CARTESIAN_POINT('',(3.2,-7.837739514543E-16,103.77424703349));
#272 = SEAM_CURVE('',#273,(#277,#284),.PCURVE_S1.);
#273 = LINE('',#274,#275);
#274 = CARTESIAN_POINT('',(3.2,-7.837739514543E-16,0.));
#275 = VECTOR('',#276,1.);
#276 = DIRECTION('',(0.,0.,1.));
#277 = PCURVE('',#61,#278);
#278 = DEFINITIONAL_REPRESENTATION('',(#279),#283);
#279 = LINE('',#280,#281);
#280 = CARTESIAN_POINT('',(0.,-0.));
#281 = VECTOR('',#282,1.);
#282 = DIRECTION('',(0.,1.));
#283 = ( GEOMETRIC_REPRESENTATION_CONTEXT(2) 
PARAMETRIC_REPRESENTATION_CONTEXT() REPRESENTATION_CONTEXT('2D SPACE',''
  ) );
#284 = PCURVE('',#61,#285);
#285 = DEFINITIONAL_REPRESENTATION('',(#286),#290);
#286 = LINE('',#287,#288);
#287 = CARTESIAN_POINT('',(6.28318530718,-0.));
#288 = VECTOR('',#289,1.);
#289 = DIRECTION('',(0.,1.));
#290 = ( GEOMETRIC_REPRESENTATION_CONTEXT(2) 
PARAMETRIC_REPRESENTATION_CONTEXT() REPRESENTATION_CONTEXT('2D SPACE',''
  ) );
#291 = ORIENTED_EDGE('',*,*,#292,.F.);
#292 = EDGE_CURVE('',#293,#270,#295,.T.);
#293 = VERTEX_POINT('',#294);
#294 = CARTESIAN_POINT('',(1.113552872566,-3.,103.08913898273));
#295 = SURFACE_CURVE('',#296,(#324,#355),.PCURVE_S1.);
#296 = B_SPLINE_CURVE_WITH_KNOTS('',6,(#297,#298,#299,#300,#301,#302,
    #303,#304,#305,#306,#307,#308,#309,#310,#311,#312,#313,#314,#315,
    #316,#317,#318,#319,#320,#321,#322,#323),.UNSPECIFIED.,.F.,.F.,(7,5,
    5,5,5,7),(0.,0.161644730125,0.279358676281,0.370634915759,
    0.661079065364,1.),.UNSPECIFIED.);
#297 = CARTESIAN_POINT('',(1.113551256117,-3.0000006,103.08913872227));
#298 = CARTESIAN_POINT('',(1.229986265313,-2.956781825062,103.1078999657
    ));
#299 = CARTESIAN_POINT('',(1.342489815805,-2.908852426991,
    103.12844291179));
#300 = CARTESIAN_POINT('',(1.450943058669,-2.85663742189,103.15047206225
    ));
#301 = CARTESIAN_POINT('',(1.555255923733,-2.800544035976,
    103.17369446588));
#302 = CARTESIAN_POINT('',(1.655366154489,-2.740964086228,
    103.19782622526));
#303 = CARTESIAN_POINT('',(1.821054993535,-2.632625509909,
    103.24063919267));
#304 = CARTESIAN_POINT('',(1.888653425367,-2.585307404018,
    103.25902689856));
#305 = CARTESIAN_POINT('',(1.954053668092,-2.536441179809,
    103.27766858341));
#306 = CARTESIAN_POINT('',(2.017278089768,-2.486135280686,
    103.29647661934));
#307 = CARTESIAN_POINT('',(2.078351396902,-2.434487457005,
    103.31536928842));
#308 = CARTESIAN_POINT('',(2.18301029672,-2.340563639482,103.34892713719
    ));
#309 = CARTESIAN_POINT('',(2.227444000174,-2.298786978795,
    103.36358916156));
#310 = CARTESIAN_POINT('',(2.270615477106,-2.256294027209,
    103.37822199485));
#311 = CARTESIAN_POINT('',(2.312538121985,-2.213120865029,
    103.39279254544));
#312 = CARTESIAN_POINT('',(2.353224991458,-2.169300409675,
    103.40726949107));
#313 = CARTESIAN_POINT('',(2.518264021299,-1.983459182466,
    103.46729752773));
#314 = CARTESIAN_POINT('',(2.631515600656,-1.835735604792,
    103.51174636508));
#315 = CARTESIAN_POINT('',(2.732756856163,-1.682722583549,
    103.55398750537));
#316 = CARTESIAN_POINT('',(2.82226933693,-1.525214535945,103.59319338487
    ));
#317 = CARTESIAN_POINT('',(2.900265343039,-1.363831683616,
    103.62866847942));
#318 = CARTESIAN_POINT('',(3.044548971877,-1.006835392931,
    103.69618523682));
#319 = CARTESIAN_POINT('',(3.10672031571,-0.809977834888,103.72667081113
    ));
#320 = CARTESIAN_POINT('',(3.153341538126,-0.609768748905,
    103.75026484537));
#321 = CARTESIAN_POINT('',(3.184434752408,-0.407336220836,
    103.76624659435));
#322 = CARTESIAN_POINT('',(3.2,-0.203733838967,103.77424703349));
#323 = CARTESIAN_POINT('',(3.2,-8.881784197001E-16,103.77424703349));
#324 = PCURVE('',#61,#325);
#325 = DEFINITIONAL_REPRESENTATION('',(#326),#354);
#326 = B_SPLINE_CURVE_WITH_KNOTS('',6,(#327,#328,#329,#330,#331,#332,
    #333,#334,#335,#336,#337,#338,#339,#340,#341,#342,#343,#344,#345,
    #346,#347,#348,#349,#350,#351,#352,#353),.UNSPECIFIED.,.F.,.F.,(7,5,
    5,5,5,7),(0.,0.161644730125,0.279358676281,0.370634915759,
    0.661079065364,1.),.UNSPECIFIED.);
#327 = CARTESIAN_POINT('',(5.067809643259,103.08913872227));
#328 = CARTESIAN_POINT('',(5.106621305228,103.1078999657));
#329 = CARTESIAN_POINT('',(5.144793456831,103.12844291179));
#330 = CARTESIAN_POINT('',(5.182350164773,103.15047206225));
#331 = CARTESIAN_POINT('',(5.219308926979,103.17369446588));
#332 = CARTESIAN_POINT('',(5.255682100111,103.19782622526));
#333 = CARTESIAN_POINT('',(5.317546081535,103.24063919267));
#334 = CARTESIAN_POINT('',(5.343318934574,103.25902689856));
#335 = CARTESIAN_POINT('',(5.368813205845,103.27766858341));
#336 = CARTESIAN_POINT('',(5.394044781164,103.29647661934));
#337 = CARTESIAN_POINT('',(5.419029112525,103.31536928842));
#338 = CARTESIAN_POINT('',(5.462974178563,103.34892713719));
#339 = CARTESIAN_POINT('',(5.482028109786,103.36358916156));
#340 = CARTESIAN_POINT('',(5.50095064013,103.37822199485));
#341 = CARTESIAN_POINT('',(5.519749229023,103.39279254544));
#342 = CARTESIAN_POINT('',(5.538431166963,103.40726949107));
#343 = CARTESIAN_POINT('',(5.616101621588,103.46729752773));
#344 = CARTESIAN_POINT('',(5.674119474215,103.51174636508));
#345 = CARTESIAN_POINT('',(5.73125169274,103.55398750537));
#346 = CARTESIAN_POINT('',(5.78767712652,103.59319338487));
#347 = CARTESIAN_POINT('',(5.843567809736,103.62866847942));
#348 = CARTESIAN_POINT('',(5.963896184141,103.69618523682));
#349 = CARTESIAN_POINT('',(6.028212147877,103.72667081113));
#350 = CARTESIAN_POINT('',(6.092168024766,103.75026484537));
#351 = CARTESIAN_POINT('',(6.155892744365,103.76624659435));
#352 = CARTESIAN_POINT('',(6.219518482502,103.77424703349));
#353 = CARTESIAN_POINT('',(6.28318530718,103.77424703349));
#354 = ( GEOMETRIC_REPRESENTATION_CONTEXT(2) 
PARAMETRIC_REPRESENTATION_CONTEXT() REPRESENTATION_CONTEXT('2D SPACE',''
  ) );
#355 = PCURVE('',#356,#361);
#356 = CYLINDRICAL_SURFACE('',#357,7.);
#357 = AXIS2_PLACEMENT_3D('',#358,#359,#360);
#358 = CARTESIAN_POINT('',(0.,-3.,110.));
#359 = DIRECTION('',(0.,1.,0.));
#360 = DIRECTION('',(0.,-0.,1.));
#361 = DEFINITIONAL_REPRESENTATION('',(#362),#390);
#362 = B_SPLINE_CURVE_WITH_KNOTS('',6,(#363,#364,#365,#366,#367,#368,
    #369,#370,#371,#372,#373,#374,#375,#376,#377,#378,#379,#380,#381,
    #382,#383,#384,#385,#386,#387,#388,#389),.UNSPECIFIED.,.F.,.F.,(7,5,
    5,5,5,7),(0.,0.161644730125,0.279358676281,0.370634915759,
    0.661079065364,1.),.UNSPECIFIED.);
#363 = CARTESIAN_POINT('',(2.981835202657,-6.E-07));
#364 = CARTESIAN_POINT('',(2.964987084236,4.32181749382E-02));
#365 = CARTESIAN_POINT('',(2.948652964484,9.114757300882E-02));
#366 = CARTESIAN_POINT('',(2.93284769413,0.14336257811));
#367 = CARTESIAN_POINT('',(2.917584688642,0.199455964024));
#368 = CARTESIAN_POINT('',(2.90287554963,0.259035913772));
#369 = CARTESIAN_POINT('',(2.878428296305,0.367374490091));
#370 = CARTESIAN_POINT('',(2.868421277436,0.414692595982));
#371 = CARTESIAN_POINT('',(2.858707295431,0.463558820191));
#372 = CARTESIAN_POINT('',(2.849284940824,0.513864719314));
#373 = CARTESIAN_POINT('',(2.8401527289,0.565512542995));
#374 = CARTESIAN_POINT('',(2.824451686088,0.659436360518));
#375 = CARTESIAN_POINT('',(2.817767595917,0.701213021205));
#376 = CARTESIAN_POINT('',(2.811255915397,0.743705972791));
#377 = CARTESIAN_POINT('',(2.804915822176,0.786879134971));
#378 = CARTESIAN_POINT('',(2.798746585346,0.830699590325));
#379 = CARTESIAN_POINT('',(2.773658476708,1.016540817534));
#380 = CARTESIAN_POINT('',(2.756283659528,1.164264395208));
#381 = CARTESIAN_POINT('',(2.740616719527,1.317277416451));
#382 = CARTESIAN_POINT('',(2.726658536967,1.474785464055));
#383 = CARTESIAN_POINT('',(2.714418633574,1.636168316384));
#384 = CARTESIAN_POINT('',(2.691661585739,1.993164607069));
#385 = CARTESIAN_POINT('',(2.681771321428,2.190022165112));
#386 = CARTESIAN_POINT('',(2.674307027767,2.390231251095));
#387 = CARTESIAN_POINT('',(2.669312713754,2.592663779164));
#388 = CARTESIAN_POINT('',(2.666812580024,2.796266161033));
#389 = CARTESIAN_POINT('',(2.666812580024,3.));
#390 = ( GEOMETRIC_REPRESENTATION_CONTEXT(2) 
PARAMETRIC_REPRESENTATION_CONTEXT() REPRESENTATION_CONTEXT('2D SPACE',''
  ) );
#391 = ORIENTED_EDGE('',*,*,#392,.T.);
#392 = EDGE_CURVE('',#293,#393,#395,.T.);
#393 = VERTEX_POINT('',#394);
#394 = CARTESIAN_POINT('',(1.113552872566,-3.,108.21955061852));
#395 = SURFACE_CURVE('',#396,(#400,#406),.PCURVE_S1.);
#396 = LINE('',#397,#398);
#397 = CARTESIAN_POINT('',(1.113552872566,-3.,0.));
#398 = VECTOR('',#399,1.);
#399 = DIRECTION('',(0.,0.,1.));
#400 = PCURVE('',#61,#401);
#401 = DEFINITIONAL_REPRESENTATION('',(#402),#405);
#402 = B_SPLINE_CURVE_WITH_KNOTS('',1,(#403,#404),.UNSPECIFIED.,.F.,.F.,
  (2,2),(101.6,110.0000006),.PIECEWISE_BEZIER_KNOTS.);
#403 = CARTESIAN_POINT('',(5.067810182075,101.6));
#404 = CARTESIAN_POINT('',(5.067810182075,110.0000006));
#405 = ( GEOMETRIC_REPRESENTATION_CONTEXT(2) 
PARAMETRIC_REPRESENTATION_CONTEXT() REPRESENTATION_CONTEXT('2D SPACE',''
  ) );
#406 = PCURVE('',#407,#412);
#407 = PLANE('',#408);
#408 = AXIS2_PLACEMENT_3D('',#409,#410,#411);
#409 = CARTESIAN_POINT('',(0.,-3.,110.));
#410 = DIRECTION('',(0.,1.,0.));
#411 = DIRECTION('',(0.,-0.,1.));
#412 = DEFINITIONAL_REPRESENTATION('',(#413),#416);
#413 = B_SPLINE_CURVE_WITH_KNOTS('',1,(#414,#415),.UNSPECIFIED.,.F.,.F.,
  (2,2),(101.6,110.0000006),.PIECEWISE_BEZIER_KNOTS.);
#414 = CARTESIAN_POINT('',(-8.4,1.113552872566));
#415 = CARTESIAN_POINT('',(6.000000070117E-07,1.113552872566));
#416 = ( GEOMETRIC_REPRESENTATION_CONTEXT(2) 
PARAMETRIC_REPRESENTATION_CONTEXT() REPRESENTATION_CONTEXT('2D SPACE',''
  ) );
#417 = ORIENTED_EDGE('',*,*,#418,.T.);
#418 = EDGE_CURVE('',#393,#419,#421,.T.);
#419 = VERTEX_POINT('',#420);
#420 = CARTESIAN_POINT('',(-1.113552872566,-3.,108.21955061852));
#421 = SURFACE_CURVE('',#422,(#480,#541),.PCURVE_S1.);
#422 = B_SPLINE_CURVE_WITH_KNOTS('',6,(#423,#424,#425,#426,#427,#428,
    #429,#430,#431,#432,#433,#434,#435,#436,#437,#438,#439,#440,#441,
    #442,#443,#444,#445,#446,#447,#448,#449,#450,#451,#452,#453,#454,
    #455,#456,#457,#458,#459,#460,#461,#462,#463,#464,#465,#466,#467,
    #468,#469,#470,#471,#472,#473,#474,#475,#476,#477,#478,#479),
  .UNSPECIFIED.,.F.,.F.,(7,5,5,5,5,5,5,5,5,5,5,7),(0.,0.101457833833,
    0.209584494268,0.334712611076,0.427866705381,0.500365886158,
    0.572687116393,0.666208578095,0.78982502195,0.898299730795,
    0.982673184049,1.),.UNSPECIFIED.);
#423 = CARTESIAN_POINT('',(2.1,-2.41453929353,110.0000006));
#424 = CARTESIAN_POINT('',(2.100000029536,-2.414539267842,
    109.89662583611));
#425 = CARTESIAN_POINT('',(2.093893631331,-2.419850178271,
    109.79340944128));
#426 = CARTESIAN_POINT('',(2.081715532068,-2.430441915849,
    109.69078260577));
#427 = CARTESIAN_POINT('',(2.063538501728,-2.446047463752,109.5891940898
    ));
#428 = CARTESIAN_POINT('',(2.039484521978,-2.466162123572,
    109.48914721092));
#429 = CARTESIAN_POINT('',(1.978216516074,-2.515613126807,
    109.28687419702));
#430 = CARTESIAN_POINT('',(1.940216297078,-2.545488953503,
    109.18485391467));
#431 = CARTESIAN_POINT('',(1.895963178285,-2.57905022333,109.08531821162
    ));
#432 = CARTESIAN_POINT('',(1.845520814408,-2.615568624589,
    108.98847617691));
#433 = CARTESIAN_POINT('',(1.788919269912,-2.654302595337,
    108.89459967963));
#434 = CARTESIAN_POINT('',(1.653541860997,-2.741028598008,
    108.69920798532));
#435 = CARTESIAN_POINT('',(1.572623219855,-2.789554388835,
    108.59873249082));
#436 = CARTESIAN_POINT('',(1.483205373711,-2.839049861913,
    108.50286020567));
#437 = CARTESIAN_POINT('',(1.38493279004,-2.88847981972,108.41209686175)
  );
#438 = CARTESIAN_POINT('',(1.277388929135,-2.936679325497,
    108.32726584948));
#439 = CARTESIAN_POINT('',(1.072981230231,-3.016201683279,
    108.19177875164));
#440 = CARTESIAN_POINT('',(0.980214431471,-3.04876625333,108.13779890887
    ));
#441 = CARTESIAN_POINT('',(0.881990087417,-3.079270023344,
    108.08838125732));
#442 = CARTESIAN_POINT('',(0.778455078775,-3.106997762079,
    108.04426524926));
#443 = CARTESIAN_POINT('',(0.669831862073,-3.131227833491,
    108.00622020248));
#444 = CARTESIAN_POINT('',(0.468160837814,-3.16683731737,107.95080407728
    ));
#445 = CARTESIAN_POINT('',(0.377021140918,-3.179871208296,
    107.93072575399));
#446 = CARTESIAN_POINT('',(0.283654006881,-3.189932706628,
    107.91533873434));
#447 = CARTESIAN_POINT('',(0.188740374176,-3.196724924459,
    107.90499122749));
#448 = CARTESIAN_POINT('',(9.298185944507E-02,-3.200085872999,
    107.89986914583));
#449 = CARTESIAN_POINT('',(-9.856612080967E-02,-3.19991169508,
    107.90013455995));
#450 = CARTESIAN_POINT('',(-0.194054738779,-3.196393742462,
    107.90549586544));
#451 = CARTESIAN_POINT('',(-0.288672549543,-3.189466765578,
    107.91605046233));
#452 = CARTESIAN_POINT('',(-0.381726859468,-3.179295521304,
    107.93160919917));
#453 = CARTESIAN_POINT('',(-0.472545753853,-3.166177380105,
    107.95182334472));
#454 = CARTESIAN_POINT('',(-0.674210652291,-3.130300632364,
    108.00767355534));
#455 = CARTESIAN_POINT('',(-0.78310451374,-3.105846399969,
    108.04608742402));
#456 = CARTESIAN_POINT('',(-0.886863812534,-3.077885607986,
    108.09060052269));
#457 = CARTESIAN_POINT('',(-0.985264212931,-3.047148729672,
    108.14043508542));
#458 = CARTESIAN_POINT('',(-1.078158110354,-3.014359671386,
    108.19484307525));
#459 = CARTESIAN_POINT('',(-1.280877429672,-2.935082442693,
    108.33008971483));
#460 = CARTESIAN_POINT('',(-1.386894998852,-2.887439037408,
    108.41404213857));
#461 = CARTESIAN_POINT('',(-1.48387079261,-2.838614122251,
    108.50377215192));
#462 = CARTESIAN_POINT('',(-1.572205614897,-2.789729901342,
    108.59848886723));
#463 = CARTESIAN_POINT('',(-1.652241749906,-2.741785664008,
    108.69770384894));
#464 = CARTESIAN_POINT('',(-1.787300470681,-2.655404226231,
    108.89194606388));
#465 = CARTESIAN_POINT('',(-1.844228666811,-2.616494566492,
    108.98605884244));
#466 = CARTESIAN_POINT('',(-1.894957511371,-2.579802095367,
    109.0831601975));
#467 = CARTESIAN_POINT('',(-1.9394578299,-2.546075165006,109.18297592634
    ));
#468 = CARTESIAN_POINT('',(-1.97766618199,-2.516049210953,109.2852954791
    ));
#469 = CARTESIAN_POINT('',(-2.034159403194,-2.470466383527,
    109.47138389291));
#470 = CARTESIAN_POINT('',(-2.054986354929,-2.45317512581,
    109.55422916283));
#471 = CARTESIAN_POINT('',(-2.071786403919,-2.438918410571,
    109.63819765537));
#472 = CARTESIAN_POINT('',(-2.084476468449,-2.427996212906,
    109.72301075955));
#473 = CARTESIAN_POINT('',(-2.093005604592,-2.420611568478,
    109.80841738658));
#474 = CARTESIAN_POINT('',(-2.098221491237,-2.416085254719,
    109.91180901004));
#475 = CARTESIAN_POINT('',(-2.098932732552,-2.415467356042,
    109.92943561804));
#476 = CARTESIAN_POINT('',(-2.099466328907,-2.415003444022,
    109.94707099985));
#477 = CARTESIAN_POINT('',(-2.099822114275,-2.414694006692,
    109.96471225629));
#478 = CARTESIAN_POINT('',(-2.100000005041,-2.414539289146,
    109.98235644891));
#479 = CARTESIAN_POINT('',(-2.1,-2.41453929353,110.0000006));
#480 = PCURVE('',#61,#481);
#481 = DEFINITIONAL_REPRESENTATION('',(#482),#540);
#482 = B_SPLINE_CURVE_WITH_KNOTS('',6,(#483,#484,#485,#486,#487,#488,
    #489,#490,#491,#492,#493,#494,#495,#496,#497,#498,#499,#500,#501,
    #502,#503,#504,#505,#506,#507,#508,#509,#510,#511,#512,#513,#514,
    #515,#516,#517,#518,#519,#520,#521,#522,#523,#524,#525,#526,#527,
    #528,#529,#530,#531,#532,#533,#534,#535,#536,#537,#538,#539),
  .UNSPECIFIED.,.F.,.F.,(7,5,5,5,5,5,5,5,5,5,5,7),(0.,0.101457833833,
    0.209584494268,0.334712611076,0.427866705381,0.500365886158,
    0.572687116393,0.666208578095,0.78982502195,0.898299730795,
    0.982673184049,1.),.UNSPECIFIED.);
#483 = CARTESIAN_POINT('',(5.42822704061,110.0000006));
#484 = CARTESIAN_POINT('',(5.428227052842,109.89662583611));
#485 = CARTESIAN_POINT('',(5.425698058512,109.79340944128));
#486 = CARTESIAN_POINT('',(5.420654323764,109.69078260577));
#487 = CARTESIAN_POINT('',(5.413168083391,109.5891940898));
#488 = CARTESIAN_POINT('',(5.403370855767,109.48914721092));
#489 = CARTESIAN_POINT('',(5.378766227716,109.28687419702));
#490 = CARTESIAN_POINT('',(5.363661777562,109.18485391467));
#491 = CARTESIAN_POINT('',(5.346309752391,109.08531821162));
#492 = CARTESIAN_POINT('',(5.326857923334,108.98847617691));
#493 = CARTESIAN_POINT('',(5.30543464681,108.89459967963));
#494 = CARTESIAN_POINT('',(5.255192613098,108.69920798532));
#495 = CARTESIAN_POINT('',(5.225720030037,108.59873249082));
#496 = CARTESIAN_POINT('',(5.193812357254,108.50286020567));
#497 = CARTESIAN_POINT('',(5.159482121423,108.41209686175));
#498 = CARTESIAN_POINT('',(5.122700271899,108.32726584948));
#499 = CARTESIAN_POINT('',(5.054159173971,108.19177875164));
#500 = CARTESIAN_POINT('',(5.02345238629,108.13779890887));
#501 = CARTESIAN_POINT('',(4.991344788134,108.08838125732));
#502 = CARTESIAN_POINT('',(4.95789225218,108.04426524926));
#503 = CARTESIAN_POINT('',(4.923148032803,108.00622020248));
#504 = CARTESIAN_POINT('',(4.859150934047,107.95080407728));
#505 = CARTESIAN_POINT('',(4.830395366038,107.93072575399));
#506 = CARTESIAN_POINT('',(4.801076470888,107.91533873434));
#507 = CARTESIAN_POINT('',(4.771369343356,107.90499122749));
#508 = CARTESIAN_POINT('',(4.741445823725,107.89986914583));
#509 = CARTESIAN_POINT('',(4.681587055148,107.90013455995));
#510 = CARTESIAN_POINT('',(4.651745922681,107.90549586544));
#511 = CARTESIAN_POINT('',(4.622127697795,107.91605046233));
#512 = CARTESIAN_POINT('',(4.59290201824,107.93160919917));
#513 = CARTESIAN_POINT('',(4.564241777852,107.95182334472));
#514 = CARTESIAN_POINT('',(4.50023198834,108.00767355534));
#515 = CARTESIAN_POINT('',(4.465390253009,108.04608742402));
#516 = CARTESIAN_POINT('',(4.431851472342,108.09060052269));
#517 = CARTESIAN_POINT('',(4.399669903703,108.14043508542));
#518 = CARTESIAN_POINT('',(4.368902429507,108.19484307525));
#519 = CARTESIAN_POINT('',(4.300880717803,108.33008971483));
#520 = CARTESIAN_POINT('',(4.264603160326,108.41404213857));
#521 = CARTESIAN_POINT('',(4.230718150116,108.50377215192));
#522 = CARTESIAN_POINT('',(4.199198048348,108.59848886723));
#523 = CARTESIAN_POINT('',(4.170055079218,108.69770384894));
#524 = CARTESIAN_POINT('',(4.119954973521,108.89194606388));
#525 = CARTESIAN_POINT('',(4.098416606611,108.98605884244));
#526 = CARTESIAN_POINT('',(4.078860500891,109.0831601975));
#527 = CARTESIAN_POINT('',(4.061415709983,109.18297592634));
#528 = CARTESIAN_POINT('',(4.046231151204,109.2852954791));
#529 = CARTESIAN_POINT('',(4.023546840568,109.47138389291));
#530 = CARTESIAN_POINT('',(4.015088484162,109.55422916283));
#531 = CARTESIAN_POINT('',(4.008203249679,109.63819765537));
#532 = CARTESIAN_POINT('',(4.002970999091,109.72301075955));
#533 = CARTESIAN_POINT('',(3.999445454672,109.80841738658));
#534 = CARTESIAN_POINT('',(3.997287326194,109.91180901004));
#535 = CARTESIAN_POINT('',(3.996992901624,109.92943561804));
#536 = CARTESIAN_POINT('',(3.996771944175,109.94707099985));
#537 = CARTESIAN_POINT('',(3.996624593002,109.96471225629));
#538 = CARTESIAN_POINT('',(3.996550918072,109.98235644891));
#539 = CARTESIAN_POINT('',(3.99655092016,110.0000006));
#540 = ( GEOMETRIC_REPRESENTATION_CONTEXT(2) 
PARAMETRIC_REPRESENTATION_CONTEXT() REPRESENTATION_CONTEXT('2D SPACE',''
  ) );
#541 = PCURVE('',#542,#547);
#542 = CYLINDRICAL_SURFACE('',#543,2.1);
#543 = AXIS2_PLACEMENT_3D('',#544,#545,#546);
#544 = CARTESIAN_POINT('',(0.,-5.,110.));
#545 = DIRECTION('',(0.,1.,0.));
#546 = DIRECTION('',(0.,-0.,1.));
#547 = DEFINITIONAL_REPRESENTATION('',(#548),#606);
#548 = B_SPLINE_CURVE_WITH_KNOTS('',6,(#549,#550,#551,#552,#553,#554,
    #555,#556,#557,#558,#559,#560,#561,#562,#563,#564,#565,#566,#567,
    #568,#569,#570,#571,#572,#573,#574,#575,#576,#577,#578,#579,#580,
    #581,#582,#583,#584,#585,#586,#587,#588,#589,#590,#591,#592,#593,
    #594,#595,#596,#597,#598,#599,#600,#601,#602,#603,#604,#605),
  .UNSPECIFIED.,.F.,.F.,(7,5,5,5,5,5,5,5,5,5,5,7),(0.,0.101457833833,
    0.209584494268,0.334712611076,0.427866705381,0.500365886158,
    0.572687116393,0.666208578095,0.78982502195,0.898299730795,
    0.982673184049,1.),.UNSPECIFIED.);
#549 = CARTESIAN_POINT('',(1.570796041081,2.58546070647));
#550 = CARTESIAN_POINT('',(1.620022119121,2.585460732158));
#551 = CARTESIAN_POINT('',(1.669172739509,2.580149821729));
#552 = CARTESIAN_POINT('',(1.718257578965,2.569558084151));
#553 = CARTESIAN_POINT('',(1.767273372132,2.553952536248));
#554 = CARTESIAN_POINT('',(1.8161894593,2.533837876428));
#555 = CARTESIAN_POINT('',(1.91683154836,2.484386873193));
#556 = CARTESIAN_POINT('',(1.968572247102,2.454511046497));
#557 = CARTESIAN_POINT('',(2.020295612561,2.42094977667));
#558 = CARTESIAN_POINT('',(2.072141282077,2.384431375411));
#559 = CARTESIAN_POINT('',(2.124236611765,2.345697404663));
#560 = CARTESIAN_POINT('',(2.237430761044,2.258971401992));
#561 = CARTESIAN_POINT('',(2.298703822875,2.210445611165));
#562 = CARTESIAN_POINT('',(2.360882662836,2.160950138087));
#563 = CARTESIAN_POINT('',(2.424306895423,2.11152018028));
#564 = CARTESIAN_POINT('',(2.489310828815,2.063320674503));
#565 = CARTESIAN_POINT('',(2.606088483556,1.983798316721));
#566 = CARTESIAN_POINT('',(2.657110324198,1.95123374667));
#567 = CARTESIAN_POINT('',(2.709321686641,1.920729976656));
#568 = CARTESIAN_POINT('',(2.762743702108,1.893002237921));
#569 = CARTESIAN_POINT('',(2.81742079649,1.868772166509));
#570 = CARTESIAN_POINT('',(2.917014243257,1.83316268263));
#571 = CARTESIAN_POINT('',(2.961396259608,1.820128791704));
#572 = CARTESIAN_POINT('',(3.006358227574,1.810067293372));
#573 = CARTESIAN_POINT('',(3.051719632495,1.803275075541));
#574 = CARTESIAN_POINT('',(3.097315534272,1.799914127001));
#575 = CARTESIAN_POINT('',(3.188528945766,1.80008830492));
#576 = CARTESIAN_POINT('',(3.234003241984,1.803606257538));
#577 = CARTESIAN_POINT('',(3.279236312705,1.810533234422));
#578 = CARTESIAN_POINT('',(3.324065617808,1.820704478696));
#579 = CARTESIAN_POINT('',(3.368313006698,1.833822619895));
#580 = CARTESIAN_POINT('',(3.467958611471,1.869699367636));
#581 = CARTESIAN_POINT('',(3.522814224006,1.894153600031));
#582 = CARTESIAN_POINT('',(3.576407136746,1.922114392014));
#583 = CARTESIAN_POINT('',(3.628781436831,1.952851270328));
#584 = CARTESIAN_POINT('',(3.679957574535,1.985640328614));
#585 = CARTESIAN_POINT('',(3.79600234651,2.064917557307));
#586 = CARTESIAN_POINT('',(3.860185347875,2.112560962592));
#587 = CARTESIAN_POINT('',(3.92283216354,2.161385877749));
#588 = CARTESIAN_POINT('',(3.984265539454,2.210270098658));
#589 = CARTESIAN_POINT('',(4.044813127742,2.258214335992));
#590 = CARTESIAN_POINT('',(4.157471075442,2.344595773769));
#591 = CARTESIAN_POINT('',(4.209742027697,2.383505433508));
#592 = CARTESIAN_POINT('',(4.261758785655,2.420197904633));
#593 = CARTESIAN_POINT('',(4.3136504151,2.453924834994));
#594 = CARTESIAN_POINT('',(4.365558289409,2.483950789047));
#595 = CARTESIAN_POINT('',(4.458165256177,2.529533616473));
#596 = CARTESIAN_POINT('',(4.498795063845,2.54682487419));
#597 = CARTESIAN_POINT('',(4.539499794518,2.561081589429));
#598 = CARTESIAN_POINT('',(4.58026295594,2.572003787094));
#599 = CARTESIAN_POINT('',(4.621085880044,2.579388431522));
#600 = CARTESIAN_POINT('',(4.670382596727,2.583914745281));
#601 = CARTESIAN_POINT('',(4.678782623025,2.584532643958));
#602 = CARTESIAN_POINT('',(4.687183627035,2.584996555978));
#603 = CARTESIAN_POINT('',(4.695585293282,2.585305993308));
#604 = CARTESIAN_POINT('',(4.703987289393,2.585460710854));
#605 = CARTESIAN_POINT('',(4.712389266099,2.58546070647));
#606 = ( GEOMETRIC_REPRESENTATION_CONTEXT(2) 
PARAMETRIC_REPRESENTATION_CONTEXT() REPRESENTATION_CONTEXT('2D SPACE',''
  ) );
#607 = ORIENTED_EDGE('',*,*,#608,.F.);
#608 = EDGE_CURVE('',#609,#419,#611,.T.);
#609 = VERTEX_POINT('',#610);
#610 = CARTESIAN_POINT('',(-1.113552872566,-3.,103.08913898273));
#611 = SURFACE_CURVE('',#612,(#616,#622),.PCURVE_S1.);
#612 = LINE('',#613,#614);
#613 = CARTESIAN_POINT('',(-1.113552872566,-3.,0.));
#614 = VECTOR('',#615,1.);
#615 = DIRECTION('',(0.,0.,1.));
#616 = PCURVE('',#61,#617);
#617 = DEFINITIONAL_REPRESENTATION('',(#618),#621);
#618 = B_SPLINE_CURVE_WITH_KNOTS('',1,(#619,#620),.UNSPECIFIED.,.F.,.F.,
  (2,2),(101.6,110.0000006),.PIECEWISE_BEZIER_KNOTS.);
#619 = CARTESIAN_POINT('',(4.356967778694,101.6));
#620 = CARTESIAN_POINT('',(4.356967778694,110.0000006));
#621 = ( GEOMETRIC_REPRESENTATION_CONTEXT(2) 
PARAMETRIC_REPRESENTATION_CONTEXT() REPRESENTATION_CONTEXT('2D SPACE',''
  ) );
#622 = PCURVE('',#407,#623);
#623 = DEFINITIONAL_REPRESENTATION('',(#624),#627);
#624 = B_SPLINE_CURVE_WITH_KNOTS('',1,(#625,#626),.UNSPECIFIED.,.F.,.F.,
  (2,2),(101.6,110.0000006),.PIECEWISE_BEZIER_KNOTS.);
#625 = CARTESIAN_POINT('',(-8.4,-1.113552872566));
#626 = CARTESIAN_POINT('',(6.000000070117E-07,-1.113552872566));
#627 = ( GEOMETRIC_REPRESENTATION_CONTEXT(2) 
PARAMETRIC_REPRESENTATION_CONTEXT() REPRESENTATION_CONTEXT('2D SPACE',''
  ) );
#628 = ORIENTED_EDGE('',*,*,#629,.F.);
#629 = EDGE_CURVE('',#630,#609,#632,.T.);
#630 = VERTEX_POINT('',#631);
#631 = CARTESIAN_POINT('',(-1.113552872566,3.,103.08913898273));
#632 = SURFACE_CURVE('',#633,(#691,#752),.PCURVE_S1.);
#633 = B_SPLINE_CURVE_WITH_KNOTS('',6,(#634,#635,#636,#637,#638,#639,
    #640,#641,#642,#643,#644,#645,#646,#647,#648,#649,#650,#651,#652,
    #653,#654,#655,#656,#657,#658,#659,#660,#661,#662,#663,#664,#665,
    #666,#667,#668,#669,#670,#671,#672,#673,#674,#675,#676,#677,#678,
    #679,#680,#681,#682,#683,#684,#685,#686,#687,#688,#689,#690),
  .UNSPECIFIED.,.F.,.F.,(7,5,5,5,5,5,5,5,5,5,5,7),(0.,8.079659714254E-02
    ,0.139634805343,0.185258374661,0.330434157389,0.408101079614,
    0.499890828905,0.669357949217,0.813507050763,0.85982178794,
    0.918703453372,1.),.UNSPECIFIED.);
#634 = CARTESIAN_POINT('',(-1.113551256117,3.0000006,103.08913872227));
#635 = CARTESIAN_POINT('',(-1.229986265313,2.956781825062,103.1078999657
    ));
#636 = CARTESIAN_POINT('',(-1.342489815805,2.908852426991,
    103.12844291179));
#637 = CARTESIAN_POINT('',(-1.450943058669,2.85663742189,103.15047206225
    ));
#638 = CARTESIAN_POINT('',(-1.555255923733,2.800544035976,
    103.17369446588));
#639 = CARTESIAN_POINT('',(-1.655366154489,2.740964086228,
    103.19782622526));
#640 = CARTESIAN_POINT('',(-1.821054993535,2.632625509909,
    103.24063919267));
#641 = CARTESIAN_POINT('',(-1.888653425367,2.585307404018,
    103.25902689856));
#642 = CARTESIAN_POINT('',(-1.954053668092,2.536441179809,
    103.27766858341));
#643 = CARTESIAN_POINT('',(-2.017278089768,2.486135280686,
    103.29647661934));
#644 = CARTESIAN_POINT('',(-2.078351396901,2.434487457005,
    103.31536928842));
#645 = CARTESIAN_POINT('',(-2.18301029672,2.340563639482,103.34892713719
    ));
#646 = CARTESIAN_POINT('',(-2.227444000174,2.298786978796,
    103.36358916156));
#647 = CARTESIAN_POINT('',(-2.270615477106,2.256294027209,
    103.37822199485));
#648 = CARTESIAN_POINT('',(-2.312538121985,2.213120865029,
    103.39279254544));
#649 = CARTESIAN_POINT('',(-2.353224991458,2.169300409675,
    103.40726949107));
#650 = CARTESIAN_POINT('',(-2.518264028104,1.983459174803,103.4672975302
    ));
#651 = CARTESIAN_POINT('',(-2.631515590931,1.835735619753,103.5117463612
    ));
#652 = CARTESIAN_POINT('',(-2.732756854849,1.682722582404,
    103.55398750509));
#653 = CARTESIAN_POINT('',(-2.822269345954,1.525214520527,
    103.59319338859));
#654 = CARTESIAN_POINT('',(-2.900265338861,1.363831693954,
    103.62866847746));
#655 = CARTESIAN_POINT('',(-3.002472497825,1.110943844339,
    103.67649577438));
#656 = CARTESIAN_POINT('',(-3.034819433394,1.021864361278,
    103.69192531821));
#657 = CARTESIAN_POINT('',(-3.063898057654,0.931954333141,
    103.70602034302));
#658 = CARTESIAN_POINT('',(-3.089713224243,0.841318918165,
    103.71869889844));
#659 = CARTESIAN_POINT('',(-3.112267830629,0.750057991235,
    103.72989199451));
#660 = CARTESIAN_POINT('',(-3.154366374809,0.54978301602,103.75095024126
    ));
#661 = CARTESIAN_POINT('',(-3.172616171913,0.44056179671,103.76020368585
    ));
#662 = CARTESIAN_POINT('',(-3.186306785606,0.330790326843,
    103.76720872533));
#663 = CARTESIAN_POINT('',(-3.195435237611,0.220652853899,
    103.77190081548));
#664 = CARTESIAN_POINT('',(-3.2,0.110330211671,103.77424703349));
#665 = CARTESIAN_POINT('',(-3.2,-0.203697508706,103.77424703349));
#666 = CARTESIAN_POINT('',(-3.184440303134,-0.407263630254,
    103.76624944739));
#667 = CARTESIAN_POINT('',(-3.153358163984,-0.609660498875,
    103.75027339096));
#668 = CARTESIAN_POINT('',(-3.106753553016,-0.809835074961,
    103.72668763183));
#669 = CARTESIAN_POINT('',(-3.044604388334,-1.006659890171,
    103.69621241095));
#670 = CARTESIAN_POINT('',(-2.900866632758,-1.362376546615,
    103.62894879428));
#671 = CARTESIAN_POINT('',(-2.823560543233,-1.52256442474,
    103.59377948255));
#672 = CARTESIAN_POINT('',(-2.734911943404,-1.678941964188,
    103.55493031596));
#673 = CARTESIAN_POINT('',(-2.634714831145,-1.830901818517,
    103.51308069914));
#674 = CARTESIAN_POINT('',(-2.522696785997,-1.97766831307,
    103.46903818856));
#675 = CARTESIAN_POINT('',(-2.358668798263,-2.163402939236,
    103.40921218204));
#676 = CARTESIAN_POINT('',(-2.317524633144,-2.207935035862,
    103.3945345912));
#677 = CARTESIAN_POINT('',(-2.275109458097,-2.251803614592,
    103.37975793434));
#678 = CARTESIAN_POINT('',(-2.231409669028,-2.294974476761,
    103.36491482235));
#679 = CARTESIAN_POINT('',(-2.18641128305,-2.337410096207,103.3500397309
    ));
#680 = CARTESIAN_POINT('',(-2.08122258621,-2.432032936083,103.316263282)
  );
#681 = CARTESIAN_POINT('',(-2.020221204807,-2.483743556993,
    103.29736401539));
#682 = CARTESIAN_POINT('',(-1.95706867317,-2.534114652056,
    103.27854690613));
#683 = CARTESIAN_POINT('',(-1.891740182661,-2.583048695035,
    103.25989357181));
#684 = CARTESIAN_POINT('',(-1.824213237118,-2.630437463389,
    103.24149154194));
#685 = CARTESIAN_POINT('',(-1.658171546034,-2.739292895856,
    103.19850298592));
#686 = CARTESIAN_POINT('',(-1.557595349394,-2.799284675453,
    103.17421572549));
#687 = CARTESIAN_POINT('',(-1.452771492206,-2.855755989628,
    103.15084386108));
#688 = CARTESIAN_POINT('',(-1.343759561231,-2.908310885795,
    103.12867500596));
#689 = CARTESIAN_POINT('',(-1.230647241335,-2.956536481551,
    103.10800646916));
#690 = CARTESIAN_POINT('',(-1.113551256117,-3.0000006,103.08913872227));
#691 = PCURVE('',#61,#692);
#692 = DEFINITIONAL_REPRESENTATION('',(#693),#751);
#693 = B_SPLINE_CURVE_WITH_KNOTS('',6,(#694,#695,#696,#697,#698,#699,
    #700,#701,#702,#703,#704,#705,#706,#707,#708,#709,#710,#711,#712,
    #713,#714,#715,#716,#717,#718,#719,#720,#721,#722,#723,#724,#725,
    #726,#727,#728,#729,#730,#731,#732,#733,#734,#735,#736,#737,#738,
    #739,#740,#741,#742,#743,#744,#745,#746,#747,#748,#749,#750),
  .UNSPECIFIED.,.F.,.F.,(7,5,5,5,5,5,5,5,5,5,5,7),(0.,8.079659714254E-02
    ,0.139634805343,0.185258374661,0.330434157389,0.408101079614,
    0.499890828905,0.669357949217,0.813507050763,0.85982178794,
    0.918703453372,1.),.UNSPECIFIED.);
#694 = CARTESIAN_POINT('',(1.926216989669,103.08913872227));
#695 = CARTESIAN_POINT('',(1.965028651638,103.1078999657));
#696 = CARTESIAN_POINT('',(2.003200803242,103.12844291179));
#697 = CARTESIAN_POINT('',(2.040757511183,103.15047206225));
#698 = CARTESIAN_POINT('',(2.077716273389,103.17369446588));
#699 = CARTESIAN_POINT('',(2.114089446521,103.19782622526));
#700 = CARTESIAN_POINT('',(2.175953427945,103.24063919267));
#701 = CARTESIAN_POINT('',(2.201726280985,103.25902689856));
#702 = CARTESIAN_POINT('',(2.227220552255,103.27766858341));
#703 = CARTESIAN_POINT('',(2.252452127574,103.29647661934));
#704 = CARTESIAN_POINT('',(2.277436458935,103.31536928842));
#705 = CARTESIAN_POINT('',(2.321381524973,103.34892713719));
#706 = CARTESIAN_POINT('',(2.340435456197,103.36358916156));
#707 = CARTESIAN_POINT('',(2.35935798654,103.37822199485));
#708 = CARTESIAN_POINT('',(2.378156575433,103.39279254544));
#709 = CARTESIAN_POINT('',(2.396838513373,103.40726949107));
#710 = CARTESIAN_POINT('',(2.474508971201,103.4672975302));
#711 = CARTESIAN_POINT('',(2.532526814983,103.5117463612));
#712 = CARTESIAN_POINT('',(2.58965903924,103.55398750509));
#713 = CARTESIAN_POINT('',(2.646084478579,103.59319338859));
#714 = CARTESIAN_POINT('',(2.701975152662,103.62866847746));
#715 = CARTESIAN_POINT('',(2.787212967858,103.67649577438));
#716 = CARTESIAN_POINT('',(2.816809981422,103.69192531821));
#717 = CARTESIAN_POINT('',(2.846311862587,103.70602034302));
#718 = CARTESIAN_POINT('',(2.875734393996,103.71869889844));
#719 = CARTESIAN_POINT('',(2.905093521665,103.72989199451));
#720 = CARTESIAN_POINT('',(2.96904720449,103.75095024126));
#721 = CARTESIAN_POINT('',(3.00362203944,103.76020368585));
#722 = CARTESIAN_POINT('',(3.038146906149,103.76720872533));
#723 = CARTESIAN_POINT('',(3.07263863496,103.77190081548));
#724 = CARTESIAN_POINT('',(3.107114462443,103.77424703349));
#725 = CARTESIAN_POINT('',(3.205248125061,103.77424703349));
#726 = CARTESIAN_POINT('',(3.268862531851,103.76624944739));
#727 = CARTESIAN_POINT('',(3.332575859394,103.75027339096));
#728 = CARTESIAN_POINT('',(3.396520209237,103.72668763183));
#729 = CARTESIAN_POINT('',(3.460824438647,103.69621241095));
#730 = CARTESIAN_POINT('',(3.580718142402,103.62894879428));
#731 = CARTESIAN_POINT('',(3.636181577731,103.59377948255));
#732 = CARTESIAN_POINT('',(3.692170780117,103.55493031596));
#733 = CARTESIAN_POINT('',(3.748853326287,103.51308069914));
#734 = CARTESIAN_POINT('',(3.806403185488,103.46903818856));
#735 = CARTESIAN_POINT('',(3.883839230241,103.40921218204));
#736 = CARTESIAN_POINT('',(3.902781240855,103.3945345912));
#737 = CARTESIAN_POINT('',(3.921842702269,103.37975793434));
#738 = CARTESIAN_POINT('',(3.941031216506,103.36491482235));
#739 = CARTESIAN_POINT('',(3.960354568545,103.3500397309));
#740 = CARTESIAN_POINT('',(4.004568784047,103.316263282));
#741 = CARTESIAN_POINT('',(4.029548647314,103.29736401539));
#742 = CARTESIAN_POINT('',(4.054775355511,103.27854690613));
#743 = CARTESIAN_POINT('',(4.080264379516,103.25989357181));
#744 = CARTESIAN_POINT('',(4.106031621692,103.24149154194));
#745 = CARTESIAN_POINT('',(4.168076329266,103.19850298592));
#746 = CARTESIAN_POINT('',(4.204639960725,103.17421572549));
#747 = CARTESIAN_POINT('',(4.241794469896,103.15084386108));
#748 = CARTESIAN_POINT('',(4.279553614048,103.12867500596));
#749 = CARTESIAN_POINT('',(4.317936330244,103.10800646916));
#750 = CARTESIAN_POINT('',(4.356968317511,103.08913872227));
#751 = ( GEOMETRIC_REPRESENTATION_CONTEXT(2) 
PARAMETRIC_REPRESENTATION_CONTEXT() REPRESENTATION_CONTEXT('2D SPACE',''
  ) );
#752 = PCURVE('',#753,#758);
#753 = CYLINDRICAL_SURFACE('',#754,7.);
#754 = AXIS2_PLACEMENT_3D('',#755,#756,#757);
#755 = CARTESIAN_POINT('',(0.,-3.,110.));
#756 = DIRECTION('',(0.,1.,0.));
#757 = DIRECTION('',(0.,-0.,1.));
#758 = DEFINITIONAL_REPRESENTATION('',(#759),#817);
#759 = B_SPLINE_CURVE_WITH_KNOTS('',6,(#760,#761,#762,#763,#764,#765,
    #766,#767,#768,#769,#770,#771,#772,#773,#774,#775,#776,#777,#778,
    #779,#780,#781,#782,#783,#784,#785,#786,#787,#788,#789,#790,#791,
    #792,#793,#794,#795,#796,#797,#798,#799,#800,#801,#802,#803,#804,
    #805,#806,#807,#808,#809,#810,#811,#812,#813,#814,#815,#816),
  .UNSPECIFIED.,.F.,.F.,(7,5,5,5,5,5,5,5,5,5,5,7),(0.,8.079659714254E-02
    ,0.139634805343,0.185258374661,0.330434157389,0.408101079614,
    0.499890828905,0.669357949217,0.813507050763,0.85982178794,
    0.918703453372,1.),.UNSPECIFIED.);
#760 = CARTESIAN_POINT('',(3.301350104523,6.0000006));
#761 = CARTESIAN_POINT('',(3.318198222944,5.956781825062));
#762 = CARTESIAN_POINT('',(3.334532342696,5.908852426991));
#763 = CARTESIAN_POINT('',(3.350337613049,5.85663742189));
#764 = CARTESIAN_POINT('',(3.365600618538,5.800544035976));
#765 = CARTESIAN_POINT('',(3.38030975755,5.740964086228));
#766 = CARTESIAN_POINT('',(3.404757010875,5.632625509909));
#767 = CARTESIAN_POINT('',(3.414764029744,5.585307404018));
#768 = CARTESIAN_POINT('',(3.424478011748,5.536441179809));
#769 = CARTESIAN_POINT('',(3.433900366355,5.486135280686));
#770 = CARTESIAN_POINT('',(3.443032578279,5.434487457005));
#771 = CARTESIAN_POINT('',(3.458733621092,5.340563639482));
#772 = CARTESIAN_POINT('',(3.465417711262,5.298786978796));
#773 = CARTESIAN_POINT('',(3.471929391783,5.256294027209));
#774 = CARTESIAN_POINT('',(3.478269485004,5.213120865029));
#775 = CARTESIAN_POINT('',(3.484438721834,5.169300409675));
#776 = CARTESIAN_POINT('',(3.509526831506,4.983459174803));
#777 = CARTESIAN_POINT('',(3.526901646154,4.835735619753));
#778 = CARTESIAN_POINT('',(3.542568587463,4.682722582404));
#779 = CARTESIAN_POINT('',(3.556526771608,4.525214520527));
#780 = CARTESIAN_POINT('',(3.568766672947,4.363831693954));
#781 = CARTESIAN_POINT('',(3.584887235095,4.110943844339));
#782 = CARTESIAN_POINT('',(3.590006899992,4.021864361278));
#783 = CARTESIAN_POINT('',(3.594623138253,3.931954333141));
#784 = CARTESIAN_POINT('',(3.598731708509,3.841318918165));
#785 = CARTESIAN_POINT('',(3.602328752272,3.750057991235));
#786 = CARTESIAN_POINT('',(3.609053269065,3.54978301602));
#787 = CARTESIAN_POINT('',(3.611976329379,3.44056179671));
#788 = CARTESIAN_POINT('',(3.614173269199,3.330790326843));
#789 = CARTESIAN_POINT('',(3.615639526634,3.220652853899));
#790 = CARTESIAN_POINT('',(3.616372727155,3.110330211671));
#791 = CARTESIAN_POINT('',(3.616372727155,2.796302491294));
#792 = CARTESIAN_POINT('',(3.613873484996,2.592736369746));
#793 = CARTESIAN_POINT('',(3.608880949931,2.390339501125));
#794 = CARTESIAN_POINT('',(3.601419307202,2.190164925039));
#795 = CARTESIAN_POINT('',(3.591532537187,1.993340109829));
#796 = CARTESIAN_POINT('',(3.568861447755,1.637623453385));
#797 = CARTESIAN_POINT('',(3.55672932691,1.47743557526));
#798 = CARTESIAN_POINT('',(3.542904581051,1.321058035812));
#799 = CARTESIAN_POINT('',(3.527396702761,1.169098181483));
#800 = CARTESIAN_POINT('',(3.510206945359,1.02233168693));
#801 = CARTESIAN_POINT('',(3.485264427027,0.836597060764));
#802 = CARTESIAN_POINT('',(3.479024036058,0.792064964138));
#803 = CARTESIAN_POINT('',(3.472607822901,0.748196385408));
#804 = CARTESIAN_POINT('',(3.466015031239,0.705025523239));
#805 = CARTESIAN_POINT('',(3.459244805415,0.662589903793));
#806 = CARTESIAN_POINT('',(3.443462155135,0.567967063917));
#807 = CARTESIAN_POINT('',(3.434339478384,0.516256443007));
#808 = CARTESIAN_POINT('',(3.424926594283,0.465885347944));
#809 = CARTESIAN_POINT('',(3.415222009832,0.416951304965));
#810 = CARTESIAN_POINT('',(3.405224304917,0.369562536611));
#811 = CARTESIAN_POINT('',(3.380721968866,0.260707104144));
#812 = CARTESIAN_POINT('',(3.365942936722,0.200715324547));
#813 = CARTESIAN_POINT('',(3.350604088258,0.144244010372));
#814 = CARTESIAN_POINT('',(3.334716699119,9.168911420484E-02));
#815 = CARTESIAN_POINT('',(3.318293866018,4.346351844917E-02));
#816 = CARTESIAN_POINT('',(3.301350104523,-6.E-07));
#817 = ( GEOMETRIC_REPRESENTATION_CONTEXT(2) 
PARAMETRIC_REPRESENTATION_CONTEXT() REPRESENTATION_CONTEXT('2D SPACE',''
  ) );
#818 = ORIENTED_EDGE('',*,*,#819,.T.);
#819 = EDGE_CURVE('',#630,#820,#822,.T.);
#820 = VERTEX_POINT('',#821);
#821 = CARTESIAN_POINT('',(-1.113552872566,3.,108.21955061852));
#822 = SURFACE_CURVE('',#823,(#827,#833),.PCURVE_S1.);
#823 = LINE('',#824,#825);
#824 = CARTESIAN_POINT('',(-1.113552872566,3.,0.));
#825 = VECTOR('',#826,1.);
#826 = DIRECTION('',(0.,0.,1.));
#827 = PCURVE('',#61,#828);
#828 = DEFINITIONAL_REPRESENTATION('',(#829),#832);
#829 = B_SPLINE_CURVE_WITH_KNOTS('',1,(#830,#831),.UNSPECIFIED.,.F.,.F.,
  (2,2),(101.6,110.0000006),.PIECEWISE_BEZIER_KNOTS.);
#830 = CARTESIAN_POINT('',(1.926217528485,101.6));
#831 = CARTESIAN_POINT('',(1.926217528485,110.0000006));
#832 = ( GEOMETRIC_REPRESENTATION_CONTEXT(2) 
PARAMETRIC_REPRESENTATION_CONTEXT() REPRESENTATION_CONTEXT('2D SPACE',''
  ) );
#833 = PCURVE('',#834,#839);
#834 = PLANE('',#835);
#835 = AXIS2_PLACEMENT_3D('',#836,#837,#838);
#836 = CARTESIAN_POINT('',(0.,3.,110.));
#837 = DIRECTION('',(0.,1.,0.));
#838 = DIRECTION('',(0.,-0.,1.));
#839 = DEFINITIONAL_REPRESENTATION('',(#840),#843);
#840 = B_SPLINE_CURVE_WITH_KNOTS('',1,(#841,#842),.UNSPECIFIED.,.F.,.F.,
  (2,2),(101.6,110.0000006),.PIECEWISE_BEZIER_KNOTS.);
#841 = CARTESIAN_POINT('',(-8.4,-1.113552872566));
#842 = CARTESIAN_POINT('',(6.000000070117E-07,-1.113552872566));
#843 = ( GEOMETRIC_REPRESENTATION_CONTEXT(2) 
PARAMETRIC_REPRESENTATION_CONTEXT() REPRESENTATION_CONTEXT('2D SPACE',''
  ) );
#844 = ORIENTED_EDGE('',*,*,#845,.F.);
#845 = EDGE_CURVE('',#846,#820,#848,.T.);
#846 = VERTEX_POINT('',#847);
#847 = CARTESIAN_POINT('',(1.113552872566,3.,108.21955061852));
#848 = SURFACE_CURVE('',#849,(#907,#968),.PCURVE_S1.);
#849 = B_SPLINE_CURVE_WITH_KNOTS('',6,(#850,#851,#852,#853,#854,#855,
    #856,#857,#858,#859,#860,#861,#862,#863,#864,#865,#866,#867,#868,
    #869,#870,#871,#872,#873,#874,#875,#876,#877,#878,#879,#880,#881,
    #882,#883,#884,#885,#886,#887,#888,#889,#890,#891,#892,#893,#894,
    #895,#896,#897,#898,#899,#900,#901,#902,#903,#904,#905,#906),
  .UNSPECIFIED.,.F.,.F.,(7,5,5,5,5,5,5,5,5,5,5,7),(0.,0.101457833837,
    0.209584494276,0.33471261109,0.427866705398,0.500365886179,
    0.572687116417,0.666208578124,0.78982502195,0.898299730796,
    0.982673184049,1.),.UNSPECIFIED.);
#850 = CARTESIAN_POINT('',(2.1,2.41453929353,110.0000006));
#851 = CARTESIAN_POINT('',(2.100000029536,2.414539267842,109.89662583611
    ));
#852 = CARTESIAN_POINT('',(2.093893631331,2.419850178271,109.79340944128
    ));
#853 = CARTESIAN_POINT('',(2.081715532067,2.430441915849,109.69078260577
    ));
#854 = CARTESIAN_POINT('',(2.063538501728,2.446047463752,109.5891940898)
  );
#855 = CARTESIAN_POINT('',(2.039484521978,2.466162123572,109.48914721092
    ));
#856 = CARTESIAN_POINT('',(1.978216516074,2.515613126807,109.28687419702
    ));
#857 = CARTESIAN_POINT('',(1.940216297078,2.545488953503,109.18485391467
    ));
#858 = CARTESIAN_POINT('',(1.895963178286,2.579050223329,109.08531821162
    ));
#859 = CARTESIAN_POINT('',(1.845520814408,2.61556862459,108.98847617691)
  );
#860 = CARTESIAN_POINT('',(1.788919269912,2.654302595338,108.89459967963
    ));
#861 = CARTESIAN_POINT('',(1.653541860997,2.741028598008,108.69920798532
    ));
#862 = CARTESIAN_POINT('',(1.572623219856,2.789554388835,108.59873249082
    ));
#863 = CARTESIAN_POINT('',(1.48320537371,2.839049861913,108.50286020567)
  );
#864 = CARTESIAN_POINT('',(1.38493279004,2.88847981972,108.41209686175)
  );
#865 = CARTESIAN_POINT('',(1.277388929135,2.936679325497,108.32726584948
    ));
#866 = CARTESIAN_POINT('',(1.072981230231,3.016201683279,108.19177875164
    ));
#867 = CARTESIAN_POINT('',(0.980214431471,3.04876625333,108.13779890887)
  );
#868 = CARTESIAN_POINT('',(0.881990087417,3.079270023344,108.08838125732
    ));
#869 = CARTESIAN_POINT('',(0.778455078775,3.106997762079,108.04426524926
    ));
#870 = CARTESIAN_POINT('',(0.669831862073,3.131227833491,108.00622020248
    ));
#871 = CARTESIAN_POINT('',(0.468160837814,3.16683731737,107.95080407728)
  );
#872 = CARTESIAN_POINT('',(0.377021140918,3.179871208296,107.93072575399
    ));
#873 = CARTESIAN_POINT('',(0.283654006881,3.189932706628,107.91533873434
    ));
#874 = CARTESIAN_POINT('',(0.188740374176,3.196724924459,107.90499122749
    ));
#875 = CARTESIAN_POINT('',(9.29818594451E-02,3.200085872999,
    107.89986914583));
#876 = CARTESIAN_POINT('',(-9.856612080968E-02,3.19991169508,
    107.90013455995));
#877 = CARTESIAN_POINT('',(-0.194054738779,3.196393742462,
    107.90549586544));
#878 = CARTESIAN_POINT('',(-0.288672549543,3.189466765578,
    107.91605046233));
#879 = CARTESIAN_POINT('',(-0.381726859468,3.179295521304,
    107.93160919917));
#880 = CARTESIAN_POINT('',(-0.472545753853,3.166177380105,
    107.95182334472));
#881 = CARTESIAN_POINT('',(-0.674210652291,3.130300632364,
    108.00767355534));
#882 = CARTESIAN_POINT('',(-0.78310451374,3.105846399969,108.04608742402
    ));
#883 = CARTESIAN_POINT('',(-0.886863812534,3.077885607986,
    108.09060052269));
#884 = CARTESIAN_POINT('',(-0.985264212931,3.047148729672,
    108.14043508542));
#885 = CARTESIAN_POINT('',(-1.078158110354,3.014359671386,
    108.19484307525));
#886 = CARTESIAN_POINT('',(-1.280877429641,2.935082442705,
    108.33008971481));
#887 = CARTESIAN_POINT('',(-1.386894998905,2.887439037389,108.4140421386
    ));
#888 = CARTESIAN_POINT('',(-1.483870792594,2.83861412225,108.50377215194
    ));
#889 = CARTESIAN_POINT('',(-1.572205614872,2.789729901362,
    108.59848886718));
#890 = CARTESIAN_POINT('',(-1.652241749924,2.741785663997,
    108.69770384896));
#891 = CARTESIAN_POINT('',(-1.78730047068,2.655404226231,108.89194606388
    ));
#892 = CARTESIAN_POINT('',(-1.844228666811,2.616494566492,
    108.98605884244));
#893 = CARTESIAN_POINT('',(-1.894957511372,2.579802095367,
    109.08316019751));
#894 = CARTESIAN_POINT('',(-1.9394578299,2.546075165006,109.18297592634)
  );
#895 = CARTESIAN_POINT('',(-1.97766618199,2.516049210954,109.2852954791)
  );
#896 = CARTESIAN_POINT('',(-2.034159403194,2.470466383527,
    109.47138389291));
#897 = CARTESIAN_POINT('',(-2.054986354929,2.45317512581,109.55422916283
    ));
#898 = CARTESIAN_POINT('',(-2.071786403919,2.438918410571,
    109.63819765537));
#899 = CARTESIAN_POINT('',(-2.084476468449,2.427996212906,
    109.72301075955));
#900 = CARTESIAN_POINT('',(-2.093005604592,2.420611568478,
    109.80841738658));
#901 = CARTESIAN_POINT('',(-2.098221491237,2.416085254719,
    109.91180901004));
#902 = CARTESIAN_POINT('',(-2.098932732552,2.415467356042,
    109.92943561804));
#903 = CARTESIAN_POINT('',(-2.099466328907,2.415003444022,
    109.94707099985));
#904 = CARTESIAN_POINT('',(-2.099822114275,2.414694006692,
    109.96471225629));
#905 = CARTESIAN_POINT('',(-2.100000005041,2.414539289146,
    109.98235644891));
#906 = CARTESIAN_POINT('',(-2.1,2.41453929353,110.0000006));
#907 = PCURVE('',#61,#908);
#908 = DEFINITIONAL_REPRESENTATION('',(#909),#967);
#909 = B_SPLINE_CURVE_WITH_KNOTS('',6,(#910,#911,#912,#913,#914,#915,
    #916,#917,#918,#919,#920,#921,#922,#923,#924,#925,#926,#927,#928,
    #929,#930,#931,#932,#933,#934,#935,#936,#937,#938,#939,#940,#941,
    #942,#943,#944,#945,#946,#947,#948,#949,#950,#951,#952,#953,#954,
    #955,#956,#957,#958,#959,#960,#961,#962,#963,#964,#965,#966),
  .UNSPECIFIED.,.F.,.F.,(7,5,5,5,5,5,5,5,5,5,5,7),(0.,0.101457833837,
    0.209584494276,0.33471261109,0.427866705398,0.500365886179,
    0.572687116417,0.666208578124,0.78982502195,0.898299730796,
    0.982673184049,1.),.UNSPECIFIED.);
#910 = CARTESIAN_POINT('',(0.85495826657,110.0000006));
#911 = CARTESIAN_POINT('',(0.854958254337,109.89662583611));
#912 = CARTESIAN_POINT('',(0.857487248668,109.79340944128));
#913 = CARTESIAN_POINT('',(0.862530983415,109.69078260577));
#914 = CARTESIAN_POINT('',(0.870017223788,109.5891940898));
#915 = CARTESIAN_POINT('',(0.879814451412,109.48914721092));
#916 = CARTESIAN_POINT('',(0.904419079464,109.28687419702));
#917 = CARTESIAN_POINT('',(0.919523529618,109.18485391467));
#918 = CARTESIAN_POINT('',(0.936875554788,109.08531821162));
#919 = CARTESIAN_POINT('',(0.956327383846,108.98847617691));
#920 = CARTESIAN_POINT('',(0.97775066037,108.89459967963));
#921 = CARTESIAN_POINT('',(1.027992694082,108.69920798532));
#922 = CARTESIAN_POINT('',(1.057465277142,108.59873249082));
#923 = CARTESIAN_POINT('',(1.089372949926,108.50286020567));
#924 = CARTESIAN_POINT('',(1.123703185757,108.41209686175));
#925 = CARTESIAN_POINT('',(1.16048503528,108.32726584948));
#926 = CARTESIAN_POINT('',(1.229026133209,108.19177875164));
#927 = CARTESIAN_POINT('',(1.259732920889,108.13779890887));
#928 = CARTESIAN_POINT('',(1.291840519046,108.08838125732));
#929 = CARTESIAN_POINT('',(1.325293054999,108.04426524926));
#930 = CARTESIAN_POINT('',(1.360037274377,108.00622020248));
#931 = CARTESIAN_POINT('',(1.424034373133,107.95080407728));
#932 = CARTESIAN_POINT('',(1.452789941142,107.93072575399));
#933 = CARTESIAN_POINT('',(1.482108836292,107.91533873434));
#934 = CARTESIAN_POINT('',(1.511815963824,107.90499122749));
#935 = CARTESIAN_POINT('',(1.541739483455,107.89986914583));
#936 = CARTESIAN_POINT('',(1.601598252032,107.90013455995));
#937 = CARTESIAN_POINT('',(1.631439384498,107.90549586544));
#938 = CARTESIAN_POINT('',(1.661057609384,107.91605046233));
#939 = CARTESIAN_POINT('',(1.690283288939,107.93160919917));
#940 = CARTESIAN_POINT('',(1.718943529327,107.95182334472));
#941 = CARTESIAN_POINT('',(1.782953318839,108.00767355534));
#942 = CARTESIAN_POINT('',(1.817795054171,108.04608742402));
#943 = CARTESIAN_POINT('',(1.851333834838,108.09060052269));
#944 = CARTESIAN_POINT('',(1.883515403476,108.14043508542));
#945 = CARTESIAN_POINT('',(1.914282877673,108.19484307525));
#946 = CARTESIAN_POINT('',(1.982304589366,108.33008971481));
#947 = CARTESIAN_POINT('',(2.018582146871,108.4140421386));
#948 = CARTESIAN_POINT('',(2.05246715706,108.50377215194));
#949 = CARTESIAN_POINT('',(2.083987258822,108.59848886718));
#950 = CARTESIAN_POINT('',(2.113130227969,108.69770384896));
#951 = CARTESIAN_POINT('',(2.163230333658,108.89194606388));
#952 = CARTESIAN_POINT('',(2.184768700569,108.98605884244));
#953 = CARTESIAN_POINT('',(2.204324806289,109.08316019751));
#954 = CARTESIAN_POINT('',(2.221769597196,109.18297592634));
#955 = CARTESIAN_POINT('',(2.236954155975,109.2852954791));
#956 = CARTESIAN_POINT('',(2.259638466611,109.47138389291));
#957 = CARTESIAN_POINT('',(2.268096823018,109.55422916283));
#958 = CARTESIAN_POINT('',(2.2749820575,109.63819765537));
#959 = CARTESIAN_POINT('',(2.280214308089,109.72301075955));
#960 = CARTESIAN_POINT('',(2.283739852507,109.80841738658));
#961 = CARTESIAN_POINT('',(2.285897980986,109.91180901004));
#962 = CARTESIAN_POINT('',(2.286192405555,109.92943561804));
#963 = CARTESIAN_POINT('',(2.286413363005,109.94707099985));
#964 = CARTESIAN_POINT('',(2.286560714178,109.96471225629));
#965 = CARTESIAN_POINT('',(2.286634389108,109.98235644891));
#966 = CARTESIAN_POINT('',(2.28663438702,110.0000006));
#967 = ( GEOMETRIC_REPRESENTATION_CONTEXT(2) 
PARAMETRIC_REPRESENTATION_CONTEXT() REPRESENTATION_CONTEXT('2D SPACE',''
  ) );
#968 = PCURVE('',#542,#969);
#969 = DEFINITIONAL_REPRESENTATION('',(#970),#1028);
#970 = B_SPLINE_CURVE_WITH_KNOTS('',6,(#971,#972,#973,#974,#975,#976,
    #977,#978,#979,#980,#981,#982,#983,#984,#985,#986,#987,#988,#989,
    #990,#991,#992,#993,#994,#995,#996,#997,#998,#999,#1000,#1001,#1002,
    #1003,#1004,#1005,#1006,#1007,#1008,#1009,#1010,#1011,#1012,#1013,
    #1014,#1015,#1016,#1017,#1018,#1019,#1020,#1021,#1022,#1023,#1024,
    #1025,#1026,#1027),.UNSPECIFIED.,.F.,.F.,(7,5,5,5,5,5,5,5,5,5,5,7),(
    0.,0.101457833837,0.209584494276,0.33471261109,0.427866705398,
    0.500365886179,0.572687116417,0.666208578124,0.78982502195,
    0.898299730796,0.982673184049,1.),.UNSPECIFIED.);
#971 = CARTESIAN_POINT('',(1.570796041081,7.41453929353));
#972 = CARTESIAN_POINT('',(1.620022119121,7.414539267842));
#973 = CARTESIAN_POINT('',(1.66917273951,7.419850178271));
#974 = CARTESIAN_POINT('',(1.718257578964,7.430441915849));
#975 = CARTESIAN_POINT('',(1.767273372132,7.446047463752));
#976 = CARTESIAN_POINT('',(1.8161894593,7.466162123572));
#977 = CARTESIAN_POINT('',(1.916831548361,7.515613126807));
#978 = CARTESIAN_POINT('',(1.968572247102,7.545488953503));
#979 = CARTESIAN_POINT('',(2.02029561256,7.579050223329));
#980 = CARTESIAN_POINT('',(2.072141282077,7.61556862459));
#981 = CARTESIAN_POINT('',(2.124236611765,7.654302595338));
#982 = CARTESIAN_POINT('',(2.237430761044,7.741028598008));
#983 = CARTESIAN_POINT('',(2.298703822875,7.789554388835));
#984 = CARTESIAN_POINT('',(2.360882662836,7.839049861913));
#985 = CARTESIAN_POINT('',(2.424306895423,7.88847981972));
#986 = CARTESIAN_POINT('',(2.489310828815,7.936679325497));
#987 = CARTESIAN_POINT('',(2.606088483556,8.016201683279));
#988 = CARTESIAN_POINT('',(2.657110324198,8.04876625333));
#989 = CARTESIAN_POINT('',(2.709321686641,8.079270023344));
#990 = CARTESIAN_POINT('',(2.762743702108,8.106997762079));
#991 = CARTESIAN_POINT('',(2.81742079649,8.131227833491));
#992 = CARTESIAN_POINT('',(2.917014243257,8.16683731737));
#993 = CARTESIAN_POINT('',(2.961396259608,8.179871208296));
#994 = CARTESIAN_POINT('',(3.006358227574,8.189932706628));
#995 = CARTESIAN_POINT('',(3.051719632495,8.196724924459));
#996 = CARTESIAN_POINT('',(3.097315534272,8.200085872999));
#997 = CARTESIAN_POINT('',(3.188528945766,8.19991169508));
#998 = CARTESIAN_POINT('',(3.234003241984,8.196393742462));
#999 = CARTESIAN_POINT('',(3.279236312705,8.189466765578));
#1000 = CARTESIAN_POINT('',(3.324065617808,8.179295521304));
#1001 = CARTESIAN_POINT('',(3.368313006698,8.166177380105));
#1002 = CARTESIAN_POINT('',(3.467958611471,8.130300632364));
#1003 = CARTESIAN_POINT('',(3.522814224006,8.105846399969));
#1004 = CARTESIAN_POINT('',(3.576407136746,8.077885607986));
#1005 = CARTESIAN_POINT('',(3.628781436831,8.047148729672));
#1006 = CARTESIAN_POINT('',(3.679957574535,8.014359671386));
#1007 = CARTESIAN_POINT('',(3.796002346492,7.935082442705));
#1008 = CARTESIAN_POINT('',(3.860185347904,7.887439037389));
#1009 = CARTESIAN_POINT('',(3.922832163538,7.83861412225));
#1010 = CARTESIAN_POINT('',(3.98426553943,7.789729901362));
#1011 = CARTESIAN_POINT('',(4.044813127757,7.741785663997));
#1012 = CARTESIAN_POINT('',(4.157471075441,7.655404226231));
#1013 = CARTESIAN_POINT('',(4.209742027697,7.616494566492));
#1014 = CARTESIAN_POINT('',(4.261758785655,7.579802095367));
#1015 = CARTESIAN_POINT('',(4.313650415101,7.546075165006));
#1016 = CARTESIAN_POINT('',(4.365558289408,7.516049210954));
#1017 = CARTESIAN_POINT('',(4.458165256177,7.470466383527));
#1018 = CARTESIAN_POINT('',(4.498795063845,7.45317512581));
#1019 = CARTESIAN_POINT('',(4.539499794518,7.438918410571));
#1020 = CARTESIAN_POINT('',(4.58026295594,7.427996212906));
#1021 = CARTESIAN_POINT('',(4.621085880044,7.420611568478));
#1022 = CARTESIAN_POINT('',(4.670382596727,7.416085254719));
#1023 = CARTESIAN_POINT('',(4.678782623025,7.415467356042));
#1024 = CARTESIAN_POINT('',(4.687183627035,7.415003444022));
#1025 = CARTESIAN_POINT('',(4.695585293282,7.414694006692));
#1026 = CARTESIAN_POINT('',(4.703987289393,7.414539289146));
#1027 = CARTESIAN_POINT('',(4.712389266099,7.41453929353));
#1028 = ( GEOMETRIC_REPRESENTATION_CONTEXT(2) 
PARAMETRIC_REPRESENTATION_CONTEXT() REPRESENTATION_CONTEXT('2D SPACE',''
  ) );
#1029 = ORIENTED_EDGE('',*,*,#1030,.F.);
#1030 = EDGE_CURVE('',#1031,#846,#1033,.T.);
#1031 = VERTEX_POINT('',#1032);
#1032 = CARTESIAN_POINT('',(1.113552872566,3.,103.08913898273));
#1033 = SURFACE_CURVE('',#1034,(#1038,#1044),.PCURVE_S1.);
#1034 = LINE('',#1035,#1036);
#1035 = CARTESIAN_POINT('',(1.113552872566,3.,0.));
#1036 = VECTOR('',#1037,1.);
#1037 = DIRECTION('',(0.,0.,1.));
#1038 = PCURVE('',#61,#1039);
#1039 = DEFINITIONAL_REPRESENTATION('',(#1040),#1043);
#1040 = B_SPLINE_CURVE_WITH_KNOTS('',1,(#1041,#1042),.UNSPECIFIED.,.F.,
  .F.,(2,2),(101.6,110.0000006),.PIECEWISE_BEZIER_KNOTS.);
#1041 = CARTESIAN_POINT('',(1.215375125105,101.6));
#1042 = CARTESIAN_POINT('',(1.215375125105,110.0000006));
#1043 = ( GEOMETRIC_REPRESENTATION_CONTEXT(2) 
PARAMETRIC_REPRESENTATION_CONTEXT() REPRESENTATION_CONTEXT('2D SPACE',''
  ) );
#1044 = PCURVE('',#834,#1045);
#1045 = DEFINITIONAL_REPRESENTATION('',(#1046),#1049);
#1046 = B_SPLINE_CURVE_WITH_KNOTS('',1,(#1047,#1048),.UNSPECIFIED.,.F.,
  .F.,(2,2),(101.6,110.0000006),.PIECEWISE_BEZIER_KNOTS.);
#1047 = CARTESIAN_POINT('',(-8.4,1.113552872566));
#1048 = CARTESIAN_POINT('',(6.000000070117E-07,1.113552872566));
#1049 = ( GEOMETRIC_REPRESENTATION_CONTEXT(2) 
PARAMETRIC_REPRESENTATION_CONTEXT() REPRESENTATION_CONTEXT('2D SPACE',''
  ) );
#1050 = ORIENTED_EDGE('',*,*,#1051,.F.);
#1051 = EDGE_CURVE('',#270,#1031,#1052,.T.);
#1052 = SURFACE_CURVE('',#1053,(#1081,#1112),.PCURVE_S1.);
#1053 = B_SPLINE_CURVE_WITH_KNOTS('',6,(#1054,#1055,#1056,#1057,#1058,
    #1059,#1060,#1061,#1062,#1063,#1064,#1065,#1066,#1067,#1068,#1069,
    #1070,#1071,#1072,#1073,#1074,#1075,#1076,#1077,#1078,#1079,#1080),
  .UNSPECIFIED.,.F.,.F.,(7,5,5,5,5,7),(0.,0.338860247529,0.627095528477,
    0.719704780792,0.837442402617,1.),.UNSPECIFIED.);
#1054 = CARTESIAN_POINT('',(3.2,-8.359761855772E-16,103.77424703349));
#1055 = CARTESIAN_POINT('',(3.2,0.203697508706,103.77424703349));
#1056 = CARTESIAN_POINT('',(3.184440303134,0.407263630254,
    103.76624944739));
#1057 = CARTESIAN_POINT('',(3.153358163984,0.609660498875,
    103.75027339096));
#1058 = CARTESIAN_POINT('',(3.106753553016,0.809835074961,
    103.72668763183));
#1059 = CARTESIAN_POINT('',(3.044604388334,1.006659890171,
    103.69621241095));
#1060 = CARTESIAN_POINT('',(2.900866628966,1.362376556,103.62894879251)
  );
#1061 = CARTESIAN_POINT('',(2.823560551683,1.522564410392,
    103.59377948603));
#1062 = CARTESIAN_POINT('',(2.734911941832,1.678941963611,
    103.55493031557));
#1063 = CARTESIAN_POINT('',(2.634714821933,1.830901832622,
    103.51308069547));
#1064 = CARTESIAN_POINT('',(2.522696793124,1.977668305,103.46903819115)
  );
#1065 = CARTESIAN_POINT('',(2.358668798263,2.163402939236,
    103.40921218204));
#1066 = CARTESIAN_POINT('',(2.317524633144,2.207935035862,103.3945345912
    ));
#1067 = CARTESIAN_POINT('',(2.275109458097,2.251803614592,
    103.37975793434));
#1068 = CARTESIAN_POINT('',(2.231409669028,2.294974476761,
    103.36491482235));
#1069 = CARTESIAN_POINT('',(2.18641128305,2.337410096207,103.3500397309)
  );
#1070 = CARTESIAN_POINT('',(2.08122258621,2.432032936083,103.316263282)
  );
#1071 = CARTESIAN_POINT('',(2.020221204807,2.483743556993,
    103.29736401539));
#1072 = CARTESIAN_POINT('',(1.95706867317,2.534114652056,103.27854690613
    ));
#1073 = CARTESIAN_POINT('',(1.891740182661,2.583048695035,
    103.25989357181));
#1074 = CARTESIAN_POINT('',(1.824213237118,2.630437463389,
    103.24149154194));
#1075 = CARTESIAN_POINT('',(1.658171546034,2.739292895856,
    103.19850298592));
#1076 = CARTESIAN_POINT('',(1.557595349394,2.799284675453,
    103.17421572549));
#1077 = CARTESIAN_POINT('',(1.452771492206,2.855755989628,
    103.15084386108));
#1078 = CARTESIAN_POINT('',(1.343759561231,2.908310885795,
    103.12867500596));
#1079 = CARTESIAN_POINT('',(1.230647241335,2.956536481551,
    103.10800646916));
#1080 = CARTESIAN_POINT('',(1.113551256117,3.0000006,103.08913872227));
#1081 = PCURVE('',#61,#1082);
#1082 = DEFINITIONAL_REPRESENTATION('',(#1083),#1111);
#1083 = B_SPLINE_CURVE_WITH_KNOTS('',6,(#1084,#1085,#1086,#1087,#1088,
    #1089,#1090,#1091,#1092,#1093,#1094,#1095,#1096,#1097,#1098,#1099,
    #1100,#1101,#1102,#1103,#1104,#1105,#1106,#1107,#1108,#1109,#1110),
  .UNSPECIFIED.,.F.,.F.,(7,5,5,5,5,7),(0.,0.338860247529,0.627095528477,
    0.719704780792,0.837442402617,1.),.UNSPECIFIED.);
#1084 = CARTESIAN_POINT('',(0.,103.77424703349));
#1085 = CARTESIAN_POINT('',(6.365547147074E-02,103.77424703349));
#1086 = CARTESIAN_POINT('',(0.127269878261,103.76624944739));
#1087 = CARTESIAN_POINT('',(0.190983205804,103.75027339096));
#1088 = CARTESIAN_POINT('',(0.254927555647,103.72668763183));
#1089 = CARTESIAN_POINT('',(0.319231785057,103.69621241095));
#1090 = CARTESIAN_POINT('',(0.439125491975,103.62894879251));
#1091 = CARTESIAN_POINT('',(0.494588918875,103.59377948603));
#1092 = CARTESIAN_POINT('',(0.550578126633,103.55493031557));
#1093 = CARTESIAN_POINT('',(0.607260678024,103.51308069547));
#1094 = CARTESIAN_POINT('',(0.664810528533,103.46903819115));
#1095 = CARTESIAN_POINT('',(0.742246576651,103.40921218204));
#1096 = CARTESIAN_POINT('',(0.761188587265,103.3945345912));
#1097 = CARTESIAN_POINT('',(0.780250048679,103.37975793434));
#1098 = CARTESIAN_POINT('',(0.799438562916,103.36491482235));
#1099 = CARTESIAN_POINT('',(0.818761914956,103.3500397309));
#1100 = CARTESIAN_POINT('',(0.862976130458,103.316263282));
#1101 = CARTESIAN_POINT('',(0.887955993724,103.29736401539));
#1102 = CARTESIAN_POINT('',(0.913182701921,103.27854690613));
#1103 = CARTESIAN_POINT('',(0.938671725927,103.25989357181));
#1104 = CARTESIAN_POINT('',(0.964438968103,103.24149154194));
#1105 = CARTESIAN_POINT('',(1.026483675676,103.19850298592));
#1106 = CARTESIAN_POINT('',(1.063047307135,103.17421572549));
#1107 = CARTESIAN_POINT('',(1.100201816306,103.15084386108));
#1108 = CARTESIAN_POINT('',(1.137960960458,103.12867500596));
#1109 = CARTESIAN_POINT('',(1.176343676655,103.10800646916));
#1110 = CARTESIAN_POINT('',(1.215375663921,103.08913872227));
#1111 = ( GEOMETRIC_REPRESENTATION_CONTEXT(2) 
PARAMETRIC_REPRESENTATION_CONTEXT() REPRESENTATION_CONTEXT('2D SPACE',''
  ) );
#1112 = PCURVE('',#356,#1113);
#1113 = DEFINITIONAL_REPRESENTATION('',(#1114),#1142);
#1114 = B_SPLINE_CURVE_WITH_KNOTS('',6,(#1115,#1116,#1117,#1118,#1119,
    #1120,#1121,#1122,#1123,#1124,#1125,#1126,#1127,#1128,#1129,#1130,
    #1131,#1132,#1133,#1134,#1135,#1136,#1137,#1138,#1139,#1140,#1141),
  .UNSPECIFIED.,.F.,.F.,(7,5,5,5,5,7),(0.,0.338860247529,0.627095528477,
    0.719704780792,0.837442402617,1.),.UNSPECIFIED.);
#1115 = CARTESIAN_POINT('',(2.666812580024,3.));
#1116 = CARTESIAN_POINT('',(2.666812580024,3.203697508706));
#1117 = CARTESIAN_POINT('',(2.669311822183,3.407263630254));
#1118 = CARTESIAN_POINT('',(2.674304357249,3.609660498875));
#1119 = CARTESIAN_POINT('',(2.681765999977,3.809835074961));
#1120 = CARTESIAN_POINT('',(2.691652769993,4.006659890171));
#1121 = CARTESIAN_POINT('',(2.714323860023,4.362376556));
#1122 = CARTESIAN_POINT('',(2.726455978963,4.522564410392));
#1123 = CARTESIAN_POINT('',(2.740280726357,4.678941963611));
#1124 = CARTESIAN_POINT('',(2.755788605836,4.830901832622));
#1125 = CARTESIAN_POINT('',(2.772978360737,4.977668305));
#1126 = CARTESIAN_POINT('',(2.797920880152,5.163402939236));
#1127 = CARTESIAN_POINT('',(2.804161271122,5.207935035862));
#1128 = CARTESIAN_POINT('',(2.810577484279,5.251803614592));
#1129 = CARTESIAN_POINT('',(2.81717027594,5.294974476761));
#1130 = CARTESIAN_POINT('',(2.823940501765,5.337410096207));
#1131 = CARTESIAN_POINT('',(2.839723152045,5.432032936083));
#1132 = CARTESIAN_POINT('',(2.848845828796,5.483743556993));
#1133 = CARTESIAN_POINT('',(2.858258712896,5.534114652056));
#1134 = CARTESIAN_POINT('',(2.867963297347,5.583048695035));
#1135 = CARTESIAN_POINT('',(2.877961002262,5.630437463389));
#1136 = CARTESIAN_POINT('',(2.902463338314,5.739292895856));
#1137 = CARTESIAN_POINT('',(2.917242370457,5.799284675453));
#1138 = CARTESIAN_POINT('',(2.932581218922,5.855755989628));
#1139 = CARTESIAN_POINT('',(2.94846860806,5.908310885795));
#1140 = CARTESIAN_POINT('',(2.964891441161,5.956536481551));
#1141 = CARTESIAN_POINT('',(2.981835202657,6.0000006));
#1142 = ( GEOMETRIC_REPRESENTATION_CONTEXT(2) 
PARAMETRIC_REPRESENTATION_CONTEXT() REPRESENTATION_CONTEXT('2D SPACE',''
  ) );
#1143 = ORIENTED_EDGE('',*,*,#269,.F.);
#1144 = ORIENTED_EDGE('',*,*,#1145,.T.);
#1145 = EDGE_CURVE('',#170,#1146,#1148,.T.);
#1146 = VERTEX_POINT('',#1147);
#1147 = CARTESIAN_POINT('',(1.113552872566,3.,6.910861017268));
#1148 = SURFACE_CURVE('',#1149,(#1177,#1208),.PCURVE_S1.);
#1149 = B_SPLINE_CURVE_WITH_KNOTS('',6,(#1150,#1151,#1152,#1153,#1154,
    #1155,#1156,#1157,#1158,#1159,#1160,#1161,#1162,#1163,#1164,#1165,
    #1166,#1167,#1168,#1169,#1170,#1171,#1172,#1173,#1174,#1175,#1176),
  .UNSPECIFIED.,.F.,.F.,(7,5,5,5,5,7),(0.,0.338860247529,0.627095528477,
    0.719704780792,0.837442402617,1.),.UNSPECIFIED.);
#1150 = CARTESIAN_POINT('',(3.2,-8.359761855772E-16,6.225752966509));
#1151 = CARTESIAN_POINT('',(3.2,0.203697508706,6.225752966509));
#1152 = CARTESIAN_POINT('',(3.184440303134,0.407263630254,6.233750552609
    ));
#1153 = CARTESIAN_POINT('',(3.153358163984,0.609660498875,6.249726609032
    ));
#1154 = CARTESIAN_POINT('',(3.106753553016,0.809835074961,6.273312368167
    ));
#1155 = CARTESIAN_POINT('',(3.044604388334,1.006659890171,6.303787589044
    ));
#1156 = CARTESIAN_POINT('',(2.900866628966,1.362376556,6.37105120749));
#1157 = CARTESIAN_POINT('',(2.823560551683,1.522564410392,6.406220513965
    ));
#1158 = CARTESIAN_POINT('',(2.734911941832,1.678941963611,6.445069684426
    ));
#1159 = CARTESIAN_POINT('',(2.634714821933,1.830901832623,6.486919304528
    ));
#1160 = CARTESIAN_POINT('',(2.522696793124,1.977668305,6.530961808841));
#1161 = CARTESIAN_POINT('',(2.358668798263,2.163402939236,6.590787817956
    ));
#1162 = CARTESIAN_POINT('',(2.317524633144,2.207935035862,6.605465408792
    ));
#1163 = CARTESIAN_POINT('',(2.275109458097,2.251803614592,6.620242065657
    ));
#1164 = CARTESIAN_POINT('',(2.231409669028,2.294974476761,6.635085177646
    ));
#1165 = CARTESIAN_POINT('',(2.18641128305,2.337410096207,6.6499602691));
#1166 = CARTESIAN_POINT('',(2.08122258621,2.432032936083,6.683736717993)
  );
#1167 = CARTESIAN_POINT('',(2.020221204807,2.483743556993,6.70263598461)
  );
#1168 = CARTESIAN_POINT('',(1.95706867317,2.534114652056,6.721453093862)
  );
#1169 = CARTESIAN_POINT('',(1.891740182661,2.583048695035,6.740106428186
    ));
#1170 = CARTESIAN_POINT('',(1.824213237118,2.630437463389,6.758508458051
    ));
#1171 = CARTESIAN_POINT('',(1.658171546034,2.739292895856,6.801497014073
    ));
#1172 = CARTESIAN_POINT('',(1.557595349394,2.799284675453,6.825784274501
    ));
#1173 = CARTESIAN_POINT('',(1.452771492206,2.855755989628,6.849156138912
    ));
#1174 = CARTESIAN_POINT('',(1.343759561231,2.908310885795,6.871324994031
    ));
#1175 = CARTESIAN_POINT('',(1.230647241335,2.956536481551,6.891993530831
    ));
#1176 = CARTESIAN_POINT('',(1.113551256117,3.0000006,6.910861277728));
#1177 = PCURVE('',#61,#1178);
#1178 = DEFINITIONAL_REPRESENTATION('',(#1179),#1207);
#1179 = B_SPLINE_CURVE_WITH_KNOTS('',6,(#1180,#1181,#1182,#1183,#1184,
    #1185,#1186,#1187,#1188,#1189,#1190,#1191,#1192,#1193,#1194,#1195,
    #1196,#1197,#1198,#1199,#1200,#1201,#1202,#1203,#1204,#1205,#1206),
  .UNSPECIFIED.,.F.,.F.,(7,5,5,5,5,7),(0.,0.338860247529,0.627095528477,
    0.719704780792,0.837442402617,1.),.UNSPECIFIED.);
#1180 = CARTESIAN_POINT('',(0.,6.225752966509));
#1181 = CARTESIAN_POINT('',(6.365547147074E-02,6.225752966509));
#1182 = CARTESIAN_POINT('',(0.127269878261,6.233750552609));
#1183 = CARTESIAN_POINT('',(0.190983205804,6.249726609032));
#1184 = CARTESIAN_POINT('',(0.254927555647,6.273312368167));
#1185 = CARTESIAN_POINT('',(0.319231785057,6.303787589044));
#1186 = CARTESIAN_POINT('',(0.439125491975,6.37105120749));
#1187 = CARTESIAN_POINT('',(0.494588918875,6.406220513965));
#1188 = CARTESIAN_POINT('',(0.550578126633,6.445069684426));
#1189 = CARTESIAN_POINT('',(0.607260678024,6.486919304528));
#1190 = CARTESIAN_POINT('',(0.664810528533,6.530961808841));
#1191 = CARTESIAN_POINT('',(0.742246576651,6.590787817956));
#1192 = CARTESIAN_POINT('',(0.761188587265,6.605465408792));
#1193 = CARTESIAN_POINT('',(0.780250048679,6.620242065657));
#1194 = CARTESIAN_POINT('',(0.799438562916,6.635085177646));
#1195 = CARTESIAN_POINT('',(0.818761914956,6.6499602691));
#1196 = CARTESIAN_POINT('',(0.862976130458,6.683736717993));
#1197 = CARTESIAN_POINT('',(0.887955993724,6.70263598461));
#1198 = CARTESIAN_POINT('',(0.913182701921,6.721453093862));
#1199 = CARTESIAN_POINT('',(0.938671725927,6.740106428186));
#1200 = CARTESIAN_POINT('',(0.964438968103,6.758508458051));
#1201 = CARTESIAN_POINT('',(1.026483675676,6.801497014073));
#1202 = CARTESIAN_POINT('',(1.063047307135,6.825784274501));
#1203 = CARTESIAN_POINT('',(1.100201816306,6.849156138912));
#1204 = CARTESIAN_POINT('',(1.137960960458,6.871324994031));
#1205 = CARTESIAN_POINT('',(1.176343676655,6.891993530831));
#1206 = CARTESIAN_POINT('',(1.215375663921,6.910861277728));
#1207 = ( GEOMETRIC_REPRESENTATION_CONTEXT(2) 
PARAMETRIC_REPRESENTATION_CONTEXT() REPRESENTATION_CONTEXT('2D SPACE',''
  ) );
#1208 = PCURVE('',#233,#1209);
#1209 = DEFINITIONAL_REPRESENTATION('',(#1210),#1238);
#1210 = B_SPLINE_CURVE_WITH_KNOTS('',6,(#1211,#1212,#1213,#1214,#1215,
    #1216,#1217,#1218,#1219,#1220,#1221,#1222,#1223,#1224,#1225,#1226,
    #1227,#1228,#1229,#1230,#1231,#1232,#1233,#1234,#1235,#1236,#1237),
  .UNSPECIFIED.,.F.,.F.,(7,5,5,5,5,7),(0.,0.338860247529,0.627095528477,
    0.719704780792,0.837442402617,1.),.UNSPECIFIED.);
#1211 = CARTESIAN_POINT('',(0.474780073566,3.));
#1212 = CARTESIAN_POINT('',(0.474780073566,3.203697508706));
#1213 = CARTESIAN_POINT('',(0.472280831407,3.407263630254));
#1214 = CARTESIAN_POINT('',(0.467288296341,3.609660498875));
#1215 = CARTESIAN_POINT('',(0.459826653613,3.809835074961));
#1216 = CARTESIAN_POINT('',(0.449939883597,4.006659890171));
#1217 = CARTESIAN_POINT('',(0.427268793567,4.362376556));
#1218 = CARTESIAN_POINT('',(0.415136674627,4.522564410392));
#1219 = CARTESIAN_POINT('',(0.401311927232,4.678941963611));
#1220 = CARTESIAN_POINT('',(0.385804047753,4.830901832623));
#1221 = CARTESIAN_POINT('',(0.368614292853,4.977668305));
#1222 = CARTESIAN_POINT('',(0.343671773437,5.163402939236));
#1223 = CARTESIAN_POINT('',(0.337431382468,5.207935035862));
#1224 = CARTESIAN_POINT('',(0.331015169311,5.251803614592));
#1225 = CARTESIAN_POINT('',(0.32442237765,5.294974476761));
#1226 = CARTESIAN_POINT('',(0.317652151825,5.337410096207));
#1227 = CARTESIAN_POINT('',(0.301869501545,5.432032936083));
#1228 = CARTESIAN_POINT('',(0.292746824794,5.483743556993));
#1229 = CARTESIAN_POINT('',(0.283333940694,5.534114652056));
#1230 = CARTESIAN_POINT('',(0.273629356242,5.583048695035));
#1231 = CARTESIAN_POINT('',(0.263631651328,5.630437463389));
#1232 = CARTESIAN_POINT('',(0.239129315276,5.739292895856));
#1233 = CARTESIAN_POINT('',(0.224350283133,5.799284675453));
#1234 = CARTESIAN_POINT('',(0.209011434668,5.855755989628));
#1235 = CARTESIAN_POINT('',(0.19312404553,5.908310885795));
#1236 = CARTESIAN_POINT('',(0.176701212429,5.956536481551));
#1237 = CARTESIAN_POINT('',(0.159757450933,6.0000006));
#1238 = ( GEOMETRIC_REPRESENTATION_CONTEXT(2) 
PARAMETRIC_REPRESENTATION_CONTEXT() REPRESENTATION_CONTEXT('2D SPACE',''
  ) );
#1239 = ORIENTED_EDGE('',*,*,#1240,.F.);
#1240 = EDGE_CURVE('',#1241,#1146,#1243,.T.);
#1241 = VERTEX_POINT('',#1242);
#1242 = CARTESIAN_POINT('',(1.113552872566,3.,1.780449381476));
#1243 = SURFACE_CURVE('',#1244,(#1248,#1254),.PCURVE_S1.);
#1244 = LINE('',#1245,#1246);
#1245 = CARTESIAN_POINT('',(1.113552872566,3.,0.));
#1246 = VECTOR('',#1247,1.);
#1247 = DIRECTION('',(0.,0.,1.));
#1248 = PCURVE('',#61,#1249);
#1249 = DEFINITIONAL_REPRESENTATION('',(#1250),#1253);
#1250 = B_SPLINE_CURVE_WITH_KNOTS('',1,(#1251,#1252),.UNSPECIFIED.,.F.,
  .F.,(2,2),(-6.E-07,8.4),.PIECEWISE_BEZIER_KNOTS.);
#1251 = CARTESIAN_POINT('',(1.215375125105,-6.E-07));
#1252 = CARTESIAN_POINT('',(1.215375125105,8.4));
#1253 = ( GEOMETRIC_REPRESENTATION_CONTEXT(2) 
PARAMETRIC_REPRESENTATION_CONTEXT() REPRESENTATION_CONTEXT('2D SPACE',''
  ) );
#1254 = PCURVE('',#1255,#1260);
#1255 = PLANE('',#1256);
#1256 = AXIS2_PLACEMENT_3D('',#1257,#1258,#1259);
#1257 = CARTESIAN_POINT('',(0.,3.,0.));
#1258 = DIRECTION('',(0.,1.,0.));
#1259 = DIRECTION('',(0.,-0.,1.));
#1260 = DEFINITIONAL_REPRESENTATION('',(#1261),#1264);
#1261 = B_SPLINE_CURVE_WITH_KNOTS('',1,(#1262,#1263),.UNSPECIFIED.,.F.,
  .F.,(2,2),(-6.E-07,8.4),.PIECEWISE_BEZIER_KNOTS.);
#1262 = CARTESIAN_POINT('',(-6.E-07,1.113552872566));
#1263 = CARTESIAN_POINT('',(8.4,1.113552872566));
#1264 = ( GEOMETRIC_REPRESENTATION_CONTEXT(2) 
PARAMETRIC_REPRESENTATION_CONTEXT() REPRESENTATION_CONTEXT('2D SPACE',''
  ) );
#1265 = ORIENTED_EDGE('',*,*,#1266,.F.);
#1266 = EDGE_CURVE('',#1267,#1241,#1269,.T.);
#1267 = VERTEX_POINT('',#1268);
#1268 = CARTESIAN_POINT('',(-5.143516556419E-16,3.2,2.1));
#1269 = SURFACE_CURVE('',#1270,(#1303,#1339),.PCURVE_S1.);
#1270 = B_SPLINE_CURVE_WITH_KNOTS('',6,(#1271,#1272,#1273,#1274,#1275,
    #1276,#1277,#1278,#1279,#1280,#1281,#1282,#1283,#1284,#1285,#1286,
    #1287,#1288,#1289,#1290,#1291,#1292,#1293,#1294,#1295,#1296,#1297,
    #1298,#1299,#1300,#1301,#1302),.UNSPECIFIED.,.F.,.F.,(7,5,5,5,5,5,7)
  ,(0.,0.23087063245,0.332079811629,0.581496901919,0.798215763033,
    0.91160519917,1.),.UNSPECIFIED.);
#1271 = CARTESIAN_POINT('',(-1.592040838892E-16,3.2,2.1));
#1272 = CARTESIAN_POINT('',(0.153271556498,3.2,2.1));
#1273 = CARTESIAN_POINT('',(0.305280377631,3.191190150743,2.086575828165
    ));
#1274 = CARTESIAN_POINT('',(0.453793515576,3.173844493104,2.060142685187
    ));
#1275 = CARTESIAN_POINT('',(0.596645688573,3.148899169982,2.021768417232
    ));
#1276 = CARTESIAN_POINT('',(0.731856760188,3.117925288811,1.973171142576
    ));
#1277 = CARTESIAN_POINT('',(0.912920370625,3.06754907569,1.89214992994)
  );
#1278 = CARTESIAN_POINT('',(0.966521292097,3.051358843056,1.865876849438
    ));
#1279 = CARTESIAN_POINT('',(1.018532613226,3.034442685485,1.838140266209
    ));
#1280 = CARTESIAN_POINT('',(1.06895212391,3.016907427995,1.809048917306)
  );
#1281 = CARTESIAN_POINT('',(1.11778250674,2.998855755712,1.778703830467)
  );
#1282 = CARTESIAN_POINT('',(1.281470042073,2.934870387892,1.669557029267
    ));
#1283 = CARTESIAN_POINT('',(1.388352980108,2.88679682768,1.584835517448)
  );
#1284 = CARTESIAN_POINT('',(1.48603865542,2.837530080685,1.49424434348)
  );
#1285 = CARTESIAN_POINT('',(1.574939197531,2.788220024513,1.398591996924
    ));
#1286 = CARTESIAN_POINT('',(1.655404891362,2.739890150289,1.29837480887)
  );
#1287 = CARTESIAN_POINT('',(1.79039512915,2.653308230269,1.103028875893)
  );
#1288 = CARTESIAN_POINT('',(1.84697952107,2.614538643984,1.008894762026)
  );
#1289 = CARTESIAN_POINT('',(1.897379638449,2.578006344488,0.911786708921
    ));
#1290 = CARTESIAN_POINT('',(1.941563781069,2.544458181745,0.811979079639
    ));
#1291 = CARTESIAN_POINT('',(1.979466889334,2.514626965896,0.709682992235
    ));
#1292 = CARTESIAN_POINT('',(2.027420126668,2.475886914744,0.55030531989)
  );
#1293 = CARTESIAN_POINT('',(2.042126966508,2.463789480629,0.494943460658
    ));
#1294 = CARTESIAN_POINT('',(2.055034147076,2.453011571418,0.439046054413
    ));
#1295 = CARTESIAN_POINT('',(2.066115269448,2.443648567131,0.382688563699
    ));
#1296 = CARTESIAN_POINT('',(2.075349295105,2.435779031203,0.325940455758
    ));
#1297 = CARTESIAN_POINT('',(2.088461236594,2.424538492643,0.224371074921
    ));
#1298 = CARTESIAN_POINT('',(2.093069912727,2.420559171455,0.179686897117
    ));
#1299 = CARTESIAN_POINT('',(2.096533228342,2.417554487098,0.134860918005
    ));
#1300 = CARTESIAN_POINT('',(2.098844402063,2.415544462459,
    8.994038290006E-02));
#1301 = CARTESIAN_POINT('',(2.100000012849,2.414539282355,
    4.497149192393E-02));
#1302 = CARTESIAN_POINT('',(2.1,2.41453929353,-5.999999990543E-07));
#1303 = PCURVE('',#61,#1304);
#1304 = DEFINITIONAL_REPRESENTATION('',(#1305),#1338);
#1305 = B_SPLINE_CURVE_WITH_KNOTS('',6,(#1306,#1307,#1308,#1309,#1310,
    #1311,#1312,#1313,#1314,#1315,#1316,#1317,#1318,#1319,#1320,#1321,
    #1322,#1323,#1324,#1325,#1326,#1327,#1328,#1329,#1330,#1331,#1332,
    #1333,#1334,#1335,#1336,#1337),.UNSPECIFIED.,.F.,.F.,(7,5,5,5,5,5,7)
  ,(0.,0.23087063245,0.332079811629,0.581496901919,0.798215763033,
    0.91160519917,1.),.UNSPECIFIED.);
#1306 = CARTESIAN_POINT('',(1.570796326795,2.1));
#1307 = CARTESIAN_POINT('',(1.522898965389,2.1));
#1308 = CARTESIAN_POINT('',(1.475396114729,2.086575828165));
#1309 = CARTESIAN_POINT('',(1.428788400855,2.060142685187));
#1310 = CARTESIAN_POINT('',(1.38356894767,2.021768417232));
#1311 = CARTESIAN_POINT('',(1.34026712856,1.973171142576));
#1312 = CARTESIAN_POINT('',(1.28153558735,1.89214992994));
#1313 = CARTESIAN_POINT('',(1.264042036729,1.865876849438));
#1314 = CARTESIAN_POINT('',(1.246956043439,1.838140266209));
#1315 = CARTESIAN_POINT('',(1.230279126355,1.809048917306));
#1316 = CARTESIAN_POINT('',(1.214013041975,1.778703830467));
#1317 = CARTESIAN_POINT('',(1.159091456789,1.669557029267));
#1318 = CARTESIAN_POINT('',(1.122513356524,1.584835517448));
#1319 = CARTESIAN_POINT('',(1.0883691247,1.49424434348));
#1320 = CARTESIAN_POINT('',(1.056630464985,1.398591996924));
#1321 = CARTESIAN_POINT('',(1.027310560128,1.29837480887));
#1322 = CARTESIAN_POINT('',(0.97719468544,1.103028875893));
#1323 = CARTESIAN_POINT('',(0.955769560019,1.008894762026));
#1324 = CARTESIAN_POINT('',(0.93632586737,0.911786708921));
#1325 = CARTESIAN_POINT('',(0.918993461062,0.811979079639));
#1326 = CARTESIAN_POINT('',(0.903921466803,0.709682992235));
#1327 = CARTESIAN_POINT('',(0.884656901153,0.55030531989));
#1328 = CARTESIAN_POINT('',(0.878706169059,0.494943460658));
#1329 = CARTESIAN_POINT('',(0.873451517595,0.439046054413));
#1330 = CARTESIAN_POINT('',(0.868918099312,0.382688563699));
#1331 = CARTESIAN_POINT('',(0.865126719248,0.325940455758));
#1332 = CARTESIAN_POINT('',(0.859729664959,0.224371074921));
#1333 = CARTESIAN_POINT('',(0.857826883929,0.179686897117));
#1334 = CARTESIAN_POINT('',(0.856394065269,0.134860918005));
#1335 = CARTESIAN_POINT('',(0.855436893767,8.994038290006E-02));
#1336 = CARTESIAN_POINT('',(0.854958261248,4.497149192393E-02));
#1337 = CARTESIAN_POINT('',(0.85495826657,-6.E-07));
#1338 = ( GEOMETRIC_REPRESENTATION_CONTEXT(2) 
PARAMETRIC_REPRESENTATION_CONTEXT() REPRESENTATION_CONTEXT('2D SPACE',''
  ) );
#1339 = PCURVE('',#102,#1340);
#1340 = DEFINITIONAL_REPRESENTATION('',(#1341),#1374);
#1341 = B_SPLINE_CURVE_WITH_KNOTS('',6,(#1342,#1343,#1344,#1345,#1346,
    #1347,#1348,#1349,#1350,#1351,#1352,#1353,#1354,#1355,#1356,#1357,
    #1358,#1359,#1360,#1361,#1362,#1363,#1364,#1365,#1366,#1367,#1368,
    #1369,#1370,#1371,#1372,#1373),.UNSPECIFIED.,.F.,.F.,(7,5,5,5,5,5,7)
  ,(0.,0.23087063245,0.332079811629,0.581496901919,0.798215763033,
    0.91160519917,1.),.UNSPECIFIED.);
#1342 = CARTESIAN_POINT('',(0.,8.2));
#1343 = CARTESIAN_POINT('',(7.29864554754E-02,8.2));
#1344 = CARTESIAN_POINT('',(0.145371538673,8.191190150743));
#1345 = CARTESIAN_POINT('',(0.216792283592,8.173844493104));
#1346 = CARTESIAN_POINT('',(0.286857884561,8.148899169982));
#1347 = CARTESIAN_POINT('',(0.355080531337,8.117925288811));
#1348 = CARTESIAN_POINT('',(0.449539808722,8.06754907569));
#1349 = CARTESIAN_POINT('',(0.477948146594,8.051358843056));
#1350 = CARTESIAN_POINT('',(0.505992767224,8.034442685485));
#1351 = CARTESIAN_POINT('',(0.533689244072,8.016907427995));
#1352 = CARTESIAN_POINT('',(0.5610520796,7.998855755712));
#1353 = CARTESIAN_POINT('',(0.654737800948,7.934870387892));
#1354 = CARTESIAN_POINT('',(0.719465510344,7.88679682768));
#1355 = CARTESIAN_POINT('',(0.782632348707,7.837530080685));
#1356 = CARTESIAN_POINT('',(0.844569475504,7.788220024513));
#1357 = CARTESIAN_POINT('',(0.905613237663,7.739890150289));
#1358 = CARTESIAN_POINT('',(1.018684561278,7.653308230269));
#1359 = CARTESIAN_POINT('',(1.070880196069,7.614538643984));
#1360 = CARTESIAN_POINT('',(1.122828084585,7.578006344488));
#1361 = CARTESIAN_POINT('',(1.174655593485,7.544458181745));
#1362 = CARTESIAN_POINT('',(1.22650265872,7.514626965896));
#1363 = CARTESIAN_POINT('',(1.305757629755,7.475886914744));
#1364 = CARTESIAN_POINT('',(1.333020255679,7.463789480629));
#1365 = CARTESIAN_POINT('',(1.360316536014,7.453011571418));
#1366 = CARTESIAN_POINT('',(1.387645170014,7.443648567131));
#1367 = CARTESIAN_POINT('',(1.415008668337,7.435779031203));
#1368 = CARTESIAN_POINT('',(1.463776390584,7.424538492643));
#1369 = CARTESIAN_POINT('',(1.485160398192,7.420559171455));
#1370 = CARTESIAN_POINT('',(1.506559166233,7.417554487098));
#1371 = CARTESIAN_POINT('',(1.527967610264,7.415544462459));
#1372 = CARTESIAN_POINT('',(1.549381330641,7.414539282355));
#1373 = CARTESIAN_POINT('',(1.570796612509,7.41453929353));
#1374 = ( GEOMETRIC_REPRESENTATION_CONTEXT(2) 
PARAMETRIC_REPRESENTATION_CONTEXT() REPRESENTATION_CONTEXT('2D SPACE',''
  ) );
#1375 = ORIENTED_EDGE('',*,*,#1376,.F.);
#1376 = EDGE_CURVE('',#1377,#1267,#1379,.T.);
#1377 = VERTEX_POINT('',#1378);
#1378 = CARTESIAN_POINT('',(-1.113552872566,3.,1.780449381476));
#1379 = SURFACE_CURVE('',#1380,(#1408,#1439),.PCURVE_S1.);
#1380 = B_SPLINE_CURVE_WITH_KNOTS('',6,(#1381,#1382,#1383,#1384,#1385,
    #1386,#1387,#1388,#1389,#1390,#1391,#1392,#1393,#1394,#1395,#1396,
    #1397,#1398,#1399,#1400,#1401,#1402,#1403,#1404,#1405,#1406,#1407),
  .UNSPECIFIED.,.F.,.F.,(7,5,5,5,5,7),(0.,0.202961723947,0.41926412838,
    0.672396563294,0.772655477342,1.),.UNSPECIFIED.);
#1381 = CARTESIAN_POINT('',(-2.1,2.41453929353,-6.000000026236E-07));
#1382 = CARTESIAN_POINT('',(-2.100000029536,2.414539267842,
    0.103374163884));
#1383 = CARTESIAN_POINT('',(-2.09389363133,2.419850178271,0.206590558719
    ));
#1384 = CARTESIAN_POINT('',(-2.081715532068,2.43044191585,0.309217394229
    ));
#1385 = CARTESIAN_POINT('',(-2.063538501728,2.446047463752,
    0.410805910194));
#1386 = CARTESIAN_POINT('',(-2.039484521978,2.466162123572,0.51085278908
    ));
#1387 = CARTESIAN_POINT('',(-1.978216516074,2.515613126807,
    0.713125802979));
#1388 = CARTESIAN_POINT('',(-1.940216297078,2.545488953503,
    0.815146085323));
#1389 = CARTESIAN_POINT('',(-1.895963178286,2.579050223329,
    0.914681788371));
#1390 = CARTESIAN_POINT('',(-1.845520814408,2.61556862459,1.011523823082
    ));
#1391 = CARTESIAN_POINT('',(-1.788919269912,2.654302595338,
    1.105400320365));
#1392 = CARTESIAN_POINT('',(-1.652723878918,2.741552616872,
    1.301972617154));
#1393 = CARTESIAN_POINT('',(-1.57080013263,2.790647270756,1.403529187299
    ));
#1394 = CARTESIAN_POINT('',(-1.480182834824,2.840721426256,
    1.500375174248));
#1395 = CARTESIAN_POINT('',(-1.380502060524,2.890705021478,
    1.591985241784));
#1396 = CARTESIAN_POINT('',(-1.271325014937,2.93939028528,1.677500709634
    ));
#1397 = CARTESIAN_POINT('',(-1.105131966874,3.003537521,1.786578880704)
  );
#1398 = CARTESIAN_POINT('',(-1.056426789531,3.021310129959,
    1.816371660601));
#1399 = CARTESIAN_POINT('',(-1.006160624474,3.038559428687,
    1.844918333722));
#1400 = CARTESIAN_POINT('',(-0.954332739817,3.055184593064,1.87211891108
    ));
#1401 = CARTESIAN_POINT('',(-0.900947290928,3.071080998648,
    1.897866272243));
#1402 = CARTESIAN_POINT('',(-0.721446468469,3.120288123395,
    1.976875866063));
#1403 = CARTESIAN_POINT('',(-0.587866025191,3.150420272328,
    2.024108462365));
#1404 = CARTESIAN_POINT('',(-0.446926982327,3.174643939456,2.06136105228
    ));
#1405 = CARTESIAN_POINT('',(-0.300558037364,3.191465095674,
    2.086994743895));
#1406 = CARTESIAN_POINT('',(-0.150861064712,3.2,2.1));
#1407 = CARTESIAN_POINT('',(0.,3.2,2.1));
#1408 = PCURVE('',#61,#1409);
#1409 = DEFINITIONAL_REPRESENTATION('',(#1410),#1438);
#1410 = B_SPLINE_CURVE_WITH_KNOTS('',6,(#1411,#1412,#1413,#1414,#1415,
    #1416,#1417,#1418,#1419,#1420,#1421,#1422,#1423,#1424,#1425,#1426,
    #1427,#1428,#1429,#1430,#1431,#1432,#1433,#1434,#1435,#1436,#1437),
  .UNSPECIFIED.,.F.,.F.,(7,5,5,5,5,7),(0.,0.202961723947,0.41926412838,
    0.672396563294,0.772655477342,1.),.UNSPECIFIED.);
#1411 = CARTESIAN_POINT('',(2.28663438702,-6.E-07));
#1412 = CARTESIAN_POINT('',(2.286634399252,0.103374163884));
#1413 = CARTESIAN_POINT('',(2.284105404922,0.206590558719));
#1414 = CARTESIAN_POINT('',(2.279061670175,0.309217394229));
#1415 = CARTESIAN_POINT('',(2.271575429801,0.410805910194));
#1416 = CARTESIAN_POINT('',(2.261778202177,0.51085278908));
#1417 = CARTESIAN_POINT('',(2.237173574126,0.713125802979));
#1418 = CARTESIAN_POINT('',(2.222069123972,0.815146085323));
#1419 = CARTESIAN_POINT('',(2.204717098802,0.914681788371));
#1420 = CARTESIAN_POINT('',(2.185265269744,1.011523823082));
#1421 = CARTESIAN_POINT('',(2.16384199322,1.105400320365));
#1422 = CARTESIAN_POINT('',(2.113296385348,1.301972617154));
#1423 = CARTESIAN_POINT('',(2.083463428961,1.403529187299));
#1424 = CARTESIAN_POINT('',(2.051141389582,1.500375174248));
#1425 = CARTESIAN_POINT('',(2.016342152199,1.591985241784));
#1426 = CARTESIAN_POINT('',(1.979034563556,1.677500709634));
#1427 = CARTESIAN_POINT('',(1.923364815864,1.786578880704));
#1428 = CARTESIAN_POINT('',(1.90716549925,1.816371660601));
#1429 = CARTESIAN_POINT('',(1.890562991128,1.844918333722));
#1430 = CARTESIAN_POINT('',(1.87355941229,1.87211891108));
#1431 = CARTESIAN_POINT('',(1.856156668356,1.897866272243));
#1432 = CARTESIAN_POINT('',(1.797993134095,1.976875866063));
#1433 = CARTESIAN_POINT('',(1.755245009697,2.024108462365));
#1434 = CARTESIAN_POINT('',(1.710649301111,2.06136105228));
#1435 = CARTESIAN_POINT('',(1.664720799324,2.086994743895));
#1436 = CARTESIAN_POINT('',(1.617940409517,2.1));
#1437 = CARTESIAN_POINT('',(1.570796326795,2.1));
#1438 = ( GEOMETRIC_REPRESENTATION_CONTEXT(2) 
PARAMETRIC_REPRESENTATION_CONTEXT() REPRESENTATION_CONTEXT('2D SPACE',''
  ) );
#1439 = PCURVE('',#102,#1440);
#1440 = DEFINITIONAL_REPRESENTATION('',(#1441),#1469);
#1441 = B_SPLINE_CURVE_WITH_KNOTS('',6,(#1442,#1443,#1444,#1445,#1446,
    #1447,#1448,#1449,#1450,#1451,#1452,#1453,#1454,#1455,#1456,#1457,
    #1458,#1459,#1460,#1461,#1462,#1463,#1464,#1465,#1466,#1467,#1468),
  .UNSPECIFIED.,.F.,.F.,(7,5,5,5,5,7),(0.,0.202961723947,0.41926412838,
    0.672396563294,0.772655477342,1.),.UNSPECIFIED.);
#1442 = CARTESIAN_POINT('',(4.71238869467,7.41453929353));
#1443 = CARTESIAN_POINT('',(4.761614772711,7.414539267842));
#1444 = CARTESIAN_POINT('',(4.810765393099,7.419850178271));
#1445 = CARTESIAN_POINT('',(4.859850232554,7.43044191585));
#1446 = CARTESIAN_POINT('',(4.908866025722,7.446047463752));
#1447 = CARTESIAN_POINT('',(4.95778211289,7.466162123572));
#1448 = CARTESIAN_POINT('',(5.058424201951,7.515613126807));
#1449 = CARTESIAN_POINT('',(5.110164900691,7.545488953503));
#1450 = CARTESIAN_POINT('',(5.16188826615,7.579050223329));
#1451 = CARTESIAN_POINT('',(5.213733935667,7.61556862459));
#1452 = CARTESIAN_POINT('',(5.265829265355,7.654302595338));
#1453 = CARTESIAN_POINT('',(5.379707360251,7.741552616872));
#1454 = CARTESIAN_POINT('',(5.441676169519,7.790647270756));
#1455 = CARTESIAN_POINT('',(5.504575147659,7.840721426256));
#1456 = CARTESIAN_POINT('',(5.568755742738,7.890705021478));
#1457 = CARTESIAN_POINT('',(5.63456369026,7.93939028528));
#1458 = CARTESIAN_POINT('',(5.729226448429,8.003537521));
#1459 = CARTESIAN_POINT('',(5.75640077907,8.021310129959));
#1460 = CARTESIAN_POINT('',(5.783905499571,8.038559428687));
#1461 = CARTESIAN_POINT('',(5.811754064419,8.055184593064));
#1462 = CARTESIAN_POINT('',(5.839961019823,8.071080998648));
#1463 = CARTESIAN_POINT('',(5.933351504243,8.120288123395));
#1464 = CARTESIAN_POINT('',(6.000631999049,8.150420272328));
#1465 = CARTESIAN_POINT('',(6.069695329519,8.174643939456));
#1466 = CARTESIAN_POINT('',(6.140062494853,8.191465095674));
#1467 = CARTESIAN_POINT('',(6.211346704936,8.2));
#1468 = CARTESIAN_POINT('',(6.28318530718,8.2));
#1469 = ( GEOMETRIC_REPRESENTATION_CONTEXT(2) 
PARAMETRIC_REPRESENTATION_CONTEXT() REPRESENTATION_CONTEXT('2D SPACE',''
  ) );
#1470 = ORIENTED_EDGE('',*,*,#1471,.T.);
#1471 = EDGE_CURVE('',#1377,#1472,#1474,.T.);
#1472 = VERTEX_POINT('',#1473);
#1473 = CARTESIAN_POINT('',(-1.113552872566,3.,6.910861017268));
#1474 = SURFACE_CURVE('',#1475,(#1479,#1485),.PCURVE_S1.);
#1475 = LINE('',#1476,#1477);
#1476 = CARTESIAN_POINT('',(-1.113552872566,3.,0.));
#1477 = VECTOR('',#1478,1.);
#1478 = DIRECTION('',(0.,0.,1.));
#1479 = PCURVE('',#61,#1480);
#1480 = DEFINITIONAL_REPRESENTATION('',(#1481),#1484);
#1481 = B_SPLINE_CURVE_WITH_KNOTS('',1,(#1482,#1483),.UNSPECIFIED.,.F.,
  .F.,(2,2),(-6.E-07,8.4),.PIECEWISE_BEZIER_KNOTS.);
#1482 = CARTESIAN_POINT('',(1.926217528485,-6.E-07));
#1483 = CARTESIAN_POINT('',(1.926217528485,8.4));
#1484 = ( GEOMETRIC_REPRESENTATION_CONTEXT(2) 
PARAMETRIC_REPRESENTATION_CONTEXT() REPRESENTATION_CONTEXT('2D SPACE',''
  ) );
#1485 = PCURVE('',#1255,#1486);
#1486 = DEFINITIONAL_REPRESENTATION('',(#1487),#1490);
#1487 = B_SPLINE_CURVE_WITH_KNOTS('',1,(#1488,#1489),.UNSPECIFIED.,.F.,
  .F.,(2,2),(-6.E-07,8.4),.PIECEWISE_BEZIER_KNOTS.);
#1488 = CARTESIAN_POINT('',(-6.E-07,-1.113552872566));
#1489 = CARTESIAN_POINT('',(8.4,-1.113552872566));
#1490 = ( GEOMETRIC_REPRESENTATION_CONTEXT(2) 
PARAMETRIC_REPRESENTATION_CONTEXT() REPRESENTATION_CONTEXT('2D SPACE',''
  ) );
#1491 = ORIENTED_EDGE('',*,*,#1492,.T.);
#1492 = EDGE_CURVE('',#1472,#1493,#1495,.T.);
#1493 = VERTEX_POINT('',#1494);
#1494 = CARTESIAN_POINT('',(-1.113552872566,-3.,6.910861017268));
#1495 = SURFACE_CURVE('',#1496,(#1554,#1615),.PCURVE_S1.);
#1496 = B_SPLINE_CURVE_WITH_KNOTS('',6,(#1497,#1498,#1499,#1500,#1501,
    #1502,#1503,#1504,#1505,#1506,#1507,#1508,#1509,#1510,#1511,#1512,
    #1513,#1514,#1515,#1516,#1517,#1518,#1519,#1520,#1521,#1522,#1523,
    #1524,#1525,#1526,#1527,#1528,#1529,#1530,#1531,#1532,#1533,#1534,
    #1535,#1536,#1537,#1538,#1539,#1540,#1541,#1542,#1543,#1544,#1545,
    #1546,#1547,#1548,#1549,#1550,#1551,#1552,#1553),.UNSPECIFIED.,.F.,
  .F.,(7,5,5,5,5,5,5,5,5,5,5,7),(0.,8.079659659229E-02,0.139634804436,
    0.185258373477,0.330434147456,0.408101069874,0.499890819392,
    0.669357940125,0.813507050302,0.859821787593,0.918703453171,1.),
  .UNSPECIFIED.);
#1497 = CARTESIAN_POINT('',(-1.113551256117,3.0000006,6.910861277728));
#1498 = CARTESIAN_POINT('',(-1.229986265405,2.956781825028,
    6.892100034283));
#1499 = CARTESIAN_POINT('',(-1.342489815778,2.908852426993,
    6.871557088206));
#1500 = CARTESIAN_POINT('',(-1.450943058588,2.85663742193,6.849527937757
    ));
#1501 = CARTESIAN_POINT('',(-1.555255923718,2.800544035996,
    6.826305534127));
#1502 = CARTESIAN_POINT('',(-1.65536615456,2.740964086182,6.802173774713
    ));
#1503 = CARTESIAN_POINT('',(-1.821054993535,2.632625509909,
    6.759360807328));
#1504 = CARTESIAN_POINT('',(-1.888653425367,2.585307404018,
    6.740973101438));
#1505 = CARTESIAN_POINT('',(-1.954053668092,2.53644117981,6.722331416587
    ));
#1506 = CARTESIAN_POINT('',(-2.017278089768,2.486135280686,
    6.703523380659));
#1507 = CARTESIAN_POINT('',(-2.078351396901,2.434487457005,
    6.684630711572));
#1508 = CARTESIAN_POINT('',(-2.18301029672,2.340563639482,6.651072862807
    ));
#1509 = CARTESIAN_POINT('',(-2.227444000174,2.298786978796,
    6.636410838436));
#1510 = CARTESIAN_POINT('',(-2.270615477106,2.256294027209,
    6.621778005143));
#1511 = CARTESIAN_POINT('',(-2.312538121985,2.213120865029,
    6.607207454553));
#1512 = CARTESIAN_POINT('',(-2.353224991458,2.169300409675,
    6.592730508926));
#1513 = CARTESIAN_POINT('',(-2.518264021299,1.983459182466,
    6.532702472267));
#1514 = CARTESIAN_POINT('',(-2.631515600656,1.835735604792,
    6.488253634918));
#1515 = CARTESIAN_POINT('',(-2.732756856163,1.682722583549,
    6.446012494627));
#1516 = CARTESIAN_POINT('',(-2.82226933693,1.525214535945,6.406806615129
    ));
#1517 = CARTESIAN_POINT('',(-2.900265343039,1.363831683617,
    6.371331520579));
#1518 = CARTESIAN_POINT('',(-3.002472497825,1.110943844339,
    6.323504225614));
#1519 = CARTESIAN_POINT('',(-3.034819433394,1.021864361278,
    6.308074681784));
#1520 = CARTESIAN_POINT('',(-3.063898057654,0.931954333141,6.29397965698
    ));
#1521 = CARTESIAN_POINT('',(-3.089713224243,0.841318918165,
    6.281301101554));
#1522 = CARTESIAN_POINT('',(-3.112267830629,0.750057991235,
    6.270108005489));
#1523 = CARTESIAN_POINT('',(-3.154366374809,0.54978301602,6.249049758731
    ));
#1524 = CARTESIAN_POINT('',(-3.172616171913,0.44056179671,6.239796314141
    ));
#1525 = CARTESIAN_POINT('',(-3.186306785606,0.330790326843,
    6.232791274663));
#1526 = CARTESIAN_POINT('',(-3.195435237611,0.220652853899,
    6.228099184513));
#1527 = CARTESIAN_POINT('',(-3.2,0.110330211671,6.225752966509));
#1528 = CARTESIAN_POINT('',(-3.2,-0.203697508706,6.225752966509));
#1529 = CARTESIAN_POINT('',(-3.184440303134,-0.407263630254,
    6.233750552609));
#1530 = CARTESIAN_POINT('',(-3.153358163984,-0.609660498876,
    6.249726609032));
#1531 = CARTESIAN_POINT('',(-3.106753553016,-0.809835074961,
    6.273312368167));
#1532 = CARTESIAN_POINT('',(-3.044604388334,-1.006659890171,
    6.303787589044));
#1533 = CARTESIAN_POINT('',(-2.900866628966,-1.362376556,6.37105120749)
  );
#1534 = CARTESIAN_POINT('',(-2.823560551683,-1.522564410392,
    6.406220513965));
#1535 = CARTESIAN_POINT('',(-2.734911941832,-1.678941963611,
    6.445069684426));
#1536 = CARTESIAN_POINT('',(-2.634714821933,-1.830901832622,
    6.486919304528));
#1537 = CARTESIAN_POINT('',(-2.522696793124,-1.977668305,6.530961808841)
  );
#1538 = CARTESIAN_POINT('',(-2.358668798263,-2.163402939236,
    6.590787817956));
#1539 = CARTESIAN_POINT('',(-2.317524633144,-2.207935035862,
    6.605465408792));
#1540 = CARTESIAN_POINT('',(-2.275109458097,-2.251803614592,
    6.620242065657));
#1541 = CARTESIAN_POINT('',(-2.231409669028,-2.294974476761,
    6.635085177646));
#1542 = CARTESIAN_POINT('',(-2.18641128305,-2.337410096207,6.6499602691)
  );
#1543 = CARTESIAN_POINT('',(-2.08122258621,-2.432032936083,
    6.683736717993));
#1544 = CARTESIAN_POINT('',(-2.020221204807,-2.483743556993,
    6.70263598461));
#1545 = CARTESIAN_POINT('',(-1.95706867317,-2.534114652056,
    6.721453093862));
#1546 = CARTESIAN_POINT('',(-1.891740182661,-2.583048695035,
    6.740106428186));
#1547 = CARTESIAN_POINT('',(-1.824213237118,-2.630437463389,
    6.758508458051));
#1548 = CARTESIAN_POINT('',(-1.658171546034,-2.739292895856,
    6.801497014073));
#1549 = CARTESIAN_POINT('',(-1.557595349394,-2.799284675453,
    6.825784274501));
#1550 = CARTESIAN_POINT('',(-1.452771492206,-2.855755989628,
    6.849156138912));
#1551 = CARTESIAN_POINT('',(-1.343759561231,-2.908310885795,
    6.871324994031));
#1552 = CARTESIAN_POINT('',(-1.230647241335,-2.956536481551,
    6.891993530831));
#1553 = CARTESIAN_POINT('',(-1.113551256117,-3.0000006,6.910861277728));
#1554 = PCURVE('',#61,#1555);
#1555 = DEFINITIONAL_REPRESENTATION('',(#1556),#1614);
#1556 = B_SPLINE_CURVE_WITH_KNOTS('',6,(#1557,#1558,#1559,#1560,#1561,
    #1562,#1563,#1564,#1565,#1566,#1567,#1568,#1569,#1570,#1571,#1572,
    #1573,#1574,#1575,#1576,#1577,#1578,#1579,#1580,#1581,#1582,#1583,
    #1584,#1585,#1586,#1587,#1588,#1589,#1590,#1591,#1592,#1593,#1594,
    #1595,#1596,#1597,#1598,#1599,#1600,#1601,#1602,#1603,#1604,#1605,
    #1606,#1607,#1608,#1609,#1610,#1611,#1612,#1613),.UNSPECIFIED.,.F.,
  .F.,(7,5,5,5,5,5,5,5,5,5,5,7),(0.,8.079659659229E-02,0.139634804436,
    0.185258373477,0.330434147456,0.408101069874,0.499890819392,
    0.669357940125,0.813507050302,0.859821787593,0.918703453171,1.),
  .UNSPECIFIED.);
#1557 = CARTESIAN_POINT('',(1.926216989669,6.910861277728));
#1558 = CARTESIAN_POINT('',(1.965028651669,6.892100034283));
#1559 = CARTESIAN_POINT('',(2.003200803234,6.871557088206));
#1560 = CARTESIAN_POINT('',(2.040757511155,6.849527937757));
#1561 = CARTESIAN_POINT('',(2.077716273382,6.826305534127));
#1562 = CARTESIAN_POINT('',(2.114089446548,6.802173774713));
#1563 = CARTESIAN_POINT('',(2.175953427945,6.759360807328));
#1564 = CARTESIAN_POINT('',(2.201726280985,6.740973101438));
#1565 = CARTESIAN_POINT('',(2.227220552255,6.722331416587));
#1566 = CARTESIAN_POINT('',(2.252452127574,6.703523380659));
#1567 = CARTESIAN_POINT('',(2.277436458935,6.684630711572));
#1568 = CARTESIAN_POINT('',(2.321381524973,6.651072862807));
#1569 = CARTESIAN_POINT('',(2.340435456197,6.636410838436));
#1570 = CARTESIAN_POINT('',(2.35935798654,6.621778005143));
#1571 = CARTESIAN_POINT('',(2.378156575433,6.607207454553));
#1572 = CARTESIAN_POINT('',(2.396838513373,6.592730508926));
#1573 = CARTESIAN_POINT('',(2.474508967998,6.532702472267));
#1574 = CARTESIAN_POINT('',(2.532526820625,6.488253634918));
#1575 = CARTESIAN_POINT('',(2.58965903915,6.446012494627));
#1576 = CARTESIAN_POINT('',(2.646084472931,6.406806615129));
#1577 = CARTESIAN_POINT('',(2.701975156147,6.371331520579));
#1578 = CARTESIAN_POINT('',(2.787212967858,6.323504225614));
#1579 = CARTESIAN_POINT('',(2.816809981422,6.308074681784));
#1580 = CARTESIAN_POINT('',(2.846311862587,6.29397965698));
#1581 = CARTESIAN_POINT('',(2.875734393996,6.281301101554));
#1582 = CARTESIAN_POINT('',(2.905093521665,6.270108005489));
#1583 = CARTESIAN_POINT('',(2.96904720449,6.249049758731));
#1584 = CARTESIAN_POINT('',(3.00362203944,6.239796314141));
#1585 = CARTESIAN_POINT('',(3.038146906149,6.232791274663));
#1586 = CARTESIAN_POINT('',(3.07263863496,6.228099184513));
#1587 = CARTESIAN_POINT('',(3.107114462443,6.225752966509));
#1588 = CARTESIAN_POINT('',(3.205248125061,6.225752966509));
#1589 = CARTESIAN_POINT('',(3.268862531851,6.233750552609));
#1590 = CARTESIAN_POINT('',(3.332575859394,6.249726609032));
#1591 = CARTESIAN_POINT('',(3.396520209237,6.273312368167));
#1592 = CARTESIAN_POINT('',(3.460824438647,6.303787589044));
#1593 = CARTESIAN_POINT('',(3.580718145565,6.37105120749));
#1594 = CARTESIAN_POINT('',(3.636181572465,6.406220513965));
#1595 = CARTESIAN_POINT('',(3.692170780223,6.445069684426));
#1596 = CARTESIAN_POINT('',(3.748853331614,6.486919304528));
#1597 = CARTESIAN_POINT('',(3.806403182123,6.530961808841));
#1598 = CARTESIAN_POINT('',(3.883839230241,6.590787817956));
#1599 = CARTESIAN_POINT('',(3.902781240855,6.605465408792));
#1600 = CARTESIAN_POINT('',(3.921842702269,6.620242065657));
#1601 = CARTESIAN_POINT('',(3.941031216506,6.635085177646));
#1602 = CARTESIAN_POINT('',(3.960354568545,6.6499602691));
#1603 = CARTESIAN_POINT('',(4.004568784047,6.683736717993));
#1604 = CARTESIAN_POINT('',(4.029548647314,6.70263598461));
#1605 = CARTESIAN_POINT('',(4.054775355511,6.721453093862));
#1606 = CARTESIAN_POINT('',(4.080264379516,6.740106428186));
#1607 = CARTESIAN_POINT('',(4.106031621692,6.758508458051));
#1608 = CARTESIAN_POINT('',(4.168076329266,6.801497014073));
#1609 = CARTESIAN_POINT('',(4.204639960725,6.825784274501));
#1610 = CARTESIAN_POINT('',(4.241794469896,6.849156138912));
#1611 = CARTESIAN_POINT('',(4.279553614048,6.871324994031));
#1612 = CARTESIAN_POINT('',(4.317936330244,6.891993530831));
#1613 = CARTESIAN_POINT('',(4.356968317511,6.910861277728));
#1614 = ( GEOMETRIC_REPRESENTATION_CONTEXT(2) 
PARAMETRIC_REPRESENTATION_CONTEXT() REPRESENTATION_CONTEXT('2D SPACE',''
  ) );
#1615 = PCURVE('',#233,#1616);
#1616 = DEFINITIONAL_REPRESENTATION('',(#1617),#1675);
#1617 = B_SPLINE_CURVE_WITH_KNOTS('',6,(#1618,#1619,#1620,#1621,#1622,
    #1623,#1624,#1625,#1626,#1627,#1628,#1629,#1630,#1631,#1632,#1633,
    #1634,#1635,#1636,#1637,#1638,#1639,#1640,#1641,#1642,#1643,#1644,
    #1645,#1646,#1647,#1648,#1649,#1650,#1651,#1652,#1653,#1654,#1655,
    #1656,#1657,#1658,#1659,#1660,#1661,#1662,#1663,#1664,#1665,#1666,
    #1667,#1668,#1669,#1670,#1671,#1672,#1673,#1674),.UNSPECIFIED.,.F.,
  .F.,(7,5,5,5,5,5,5,5,5,5,5,7),(0.,8.079659659229E-02,0.139634804436,
    0.185258373477,0.330434147456,0.408101069874,0.499890819392,
    0.669357940125,0.813507050302,0.859821787593,0.918703453171,1.),
  .UNSPECIFIED.);
#1618 = CARTESIAN_POINT('',(6.123427856246,6.0000006));
#1619 = CARTESIAN_POINT('',(6.106579737813,5.956781825028));
#1620 = CARTESIAN_POINT('',(6.090245618077,5.908852426993));
#1621 = CARTESIAN_POINT('',(6.074440347732,5.85663742193));
#1622 = CARTESIAN_POINT('',(6.059177342234,5.800544035996));
#1623 = CARTESIAN_POINT('',(6.044468203209,5.740964086182));
#1624 = CARTESIAN_POINT('',(6.020020949894,5.632625509909));
#1625 = CARTESIAN_POINT('',(6.010013931025,5.585307404018));
#1626 = CARTESIAN_POINT('',(6.000299949021,5.53644117981));
#1627 = CARTESIAN_POINT('',(5.990877594414,5.486135280686));
#1628 = CARTESIAN_POINT('',(5.98174538249,5.434487457005));
#1629 = CARTESIAN_POINT('',(5.966044339677,5.340563639482));
#1630 = CARTESIAN_POINT('',(5.959360249507,5.298786978796));
#1631 = CARTESIAN_POINT('',(5.952848568987,5.256294027209));
#1632 = CARTESIAN_POINT('',(5.946508475765,5.213120865029));
#1633 = CARTESIAN_POINT('',(5.940339238936,5.169300409675));
#1634 = CARTESIAN_POINT('',(5.915251130298,4.983459182466));
#1635 = CARTESIAN_POINT('',(5.897876313118,4.835735604792));
#1636 = CARTESIAN_POINT('',(5.882209373117,4.682722583549));
#1637 = CARTESIAN_POINT('',(5.868251190557,4.525214535945));
#1638 = CARTESIAN_POINT('',(5.856011287164,4.363831683617));
#1639 = CARTESIAN_POINT('',(5.839890725675,4.110943844339));
#1640 = CARTESIAN_POINT('',(5.834771060777,4.021864361278));
#1641 = CARTESIAN_POINT('',(5.830154822516,3.931954333141));
#1642 = CARTESIAN_POINT('',(5.826046252261,3.841318918165));
#1643 = CARTESIAN_POINT('',(5.822449208497,3.750057991235));
#1644 = CARTESIAN_POINT('',(5.815724691704,3.54978301602));
#1645 = CARTESIAN_POINT('',(5.81280163139,3.44056179671));
#1646 = CARTESIAN_POINT('',(5.810604691571,3.330790326843));
#1647 = CARTESIAN_POINT('',(5.809138434135,3.220652853899));
#1648 = CARTESIAN_POINT('',(5.808405233614,3.110330211671));
#1649 = CARTESIAN_POINT('',(5.808405233614,2.796302491294));
#1650 = CARTESIAN_POINT('',(5.810904475773,2.592736369746));
#1651 = CARTESIAN_POINT('',(5.815897010839,2.390339501124));
#1652 = CARTESIAN_POINT('',(5.823358653567,2.190164925039));
#1653 = CARTESIAN_POINT('',(5.833245423582,1.993340109829));
#1654 = CARTESIAN_POINT('',(5.855916513613,1.637623444));
#1655 = CARTESIAN_POINT('',(5.868048632553,1.477435589608));
#1656 = CARTESIAN_POINT('',(5.881873379947,1.321058036389));
#1657 = CARTESIAN_POINT('',(5.897381259426,1.169098167378));
#1658 = CARTESIAN_POINT('',(5.914571014327,1.022331695));
#1659 = CARTESIAN_POINT('',(5.939513533742,0.836597060764));
#1660 = CARTESIAN_POINT('',(5.945753924712,0.792064964138));
#1661 = CARTESIAN_POINT('',(5.952170137868,0.748196385408));
#1662 = CARTESIAN_POINT('',(5.95876292953,0.705025523239));
#1663 = CARTESIAN_POINT('',(5.965533155355,0.662589903793));
#1664 = CARTESIAN_POINT('',(5.981315805634,0.567967063917));
#1665 = CARTESIAN_POINT('',(5.990438482386,0.516256443007));
#1666 = CARTESIAN_POINT('',(5.999851366486,0.465885347944));
#1667 = CARTESIAN_POINT('',(6.009555950937,0.416951304965));
#1668 = CARTESIAN_POINT('',(6.019553655852,0.369562536611));
#1669 = CARTESIAN_POINT('',(6.044055991903,0.260707104144));
#1670 = CARTESIAN_POINT('',(6.058835024047,0.200715324547));
#1671 = CARTESIAN_POINT('',(6.074173872511,0.144244010372));
#1672 = CARTESIAN_POINT('',(6.09006126165,9.168911420483E-02));
#1673 = CARTESIAN_POINT('',(6.106484094751,4.346351844918E-02));
#1674 = CARTESIAN_POINT('',(6.123427856246,-6.E-07));
#1675 = ( GEOMETRIC_REPRESENTATION_CONTEXT(2) 
PARAMETRIC_REPRESENTATION_CONTEXT() REPRESENTATION_CONTEXT('2D SPACE',''
  ) );
#1676 = ORIENTED_EDGE('',*,*,#1677,.F.);
#1677 = EDGE_CURVE('',#1678,#1493,#1680,.T.);
#1678 = VERTEX_POINT('',#1679);
#1679 = CARTESIAN_POINT('',(-1.113552872566,-3.,1.780449381476));
#1680 = SURFACE_CURVE('',#1681,(#1685,#1691),.PCURVE_S1.);
#1681 = LINE('',#1682,#1683);
#1682 = CARTESIAN_POINT('',(-1.113552872566,-3.,0.));
#1683 = VECTOR('',#1684,1.);
#1684 = DIRECTION('',(0.,0.,1.));
#1685 = PCURVE('',#61,#1686);
#1686 = DEFINITIONAL_REPRESENTATION('',(#1687),#1690);
#1687 = B_SPLINE_CURVE_WITH_KNOTS('',1,(#1688,#1689),.UNSPECIFIED.,.F.,
  .F.,(2,2),(-6.E-07,8.4),.PIECEWISE_BEZIER_KNOTS.);
#1688 = CARTESIAN_POINT('',(4.356967778694,-6.E-07));
#1689 = CARTESIAN_POINT('',(4.356967778694,8.4));
#1690 = ( GEOMETRIC_REPRESENTATION_CONTEXT(2) 
PARAMETRIC_REPRESENTATION_CONTEXT() REPRESENTATION_CONTEXT('2D SPACE',''
  ) );
#1691 = PCURVE('',#158,#1692);
#1692 = DEFINITIONAL_REPRESENTATION('',(#1693),#1696);
#1693 = B_SPLINE_CURVE_WITH_KNOTS('',1,(#1694,#1695),.UNSPECIFIED.,.F.,
  .F.,(2,2),(-6.E-07,8.4),.PIECEWISE_BEZIER_KNOTS.);
#1694 = CARTESIAN_POINT('',(-6.E-07,-1.113552872566));
#1695 = CARTESIAN_POINT('',(8.4,-1.113552872566));
#1696 = ( GEOMETRIC_REPRESENTATION_CONTEXT(2) 
PARAMETRIC_REPRESENTATION_CONTEXT() REPRESENTATION_CONTEXT('2D SPACE',''
  ) );
#1697 = ORIENTED_EDGE('',*,*,#1698,.T.);
#1698 = EDGE_CURVE('',#1678,#22,#1699,.T.);
#1699 = SURFACE_CURVE('',#1700,(#1728,#1759),.PCURVE_S1.);
#1700 = B_SPLINE_CURVE_WITH_KNOTS('',6,(#1701,#1702,#1703,#1704,#1705,
    #1706,#1707,#1708,#1709,#1710,#1711,#1712,#1713,#1714,#1715,#1716,
    #1717,#1718,#1719,#1720,#1721,#1722,#1723,#1724,#1725,#1726,#1727),
  .UNSPECIFIED.,.F.,.F.,(7,5,5,5,5,7),(0.,0.202961742748,0.419264167218,
    0.672396625655,0.77265553279,1.),.UNSPECIFIED.);
#1701 = CARTESIAN_POINT('',(-2.1,-2.41453929353,-6.000000026236E-07));
#1702 = CARTESIAN_POINT('',(-2.100000029536,-2.414539267842,
    0.103374163884));
#1703 = CARTESIAN_POINT('',(-2.09389363133,-2.419850178271,
    0.206590558719));
#1704 = CARTESIAN_POINT('',(-2.081715532068,-2.43044191585,
    0.309217394229));
#1705 = CARTESIAN_POINT('',(-2.063538501728,-2.446047463752,
    0.410805910194));
#1706 = CARTESIAN_POINT('',(-2.039484521978,-2.466162123572,
    0.51085278908));
#1707 = CARTESIAN_POINT('',(-1.978216516074,-2.515613126807,
    0.713125802979));
#1708 = CARTESIAN_POINT('',(-1.940216297078,-2.545488953503,
    0.815146085323));
#1709 = CARTESIAN_POINT('',(-1.895963178286,-2.579050223329,
    0.914681788371));
#1710 = CARTESIAN_POINT('',(-1.845520814408,-2.61556862459,
    1.011523823082));
#1711 = CARTESIAN_POINT('',(-1.788919269912,-2.654302595338,
    1.105400320365));
#1712 = CARTESIAN_POINT('',(-1.652723878896,-2.741552616886,
    1.301972617185));
#1713 = CARTESIAN_POINT('',(-1.57080013266,-2.790647270733,
    1.403529187246));
#1714 = CARTESIAN_POINT('',(-1.480182834845,-2.840721426256,
    1.50037517426));
#1715 = CARTESIAN_POINT('',(-1.380502060464,-2.8907050215,1.591985241818
    ));
#1716 = CARTESIAN_POINT('',(-1.271325014968,-2.939390285268,
    1.677500709614));
#1717 = CARTESIAN_POINT('',(-1.105131974495,-3.003537518058,
    1.786578875702));
#1718 = CARTESIAN_POINT('',(-1.056426786462,-3.021310130591,
    1.816371661543));
#1719 = CARTESIAN_POINT('',(-1.006160615893,-3.038559431492,
    1.844918338368));
#1720 = CARTESIAN_POINT('',(-0.954332738339,-3.055184593941,
    1.87211891264));
#1721 = CARTESIAN_POINT('',(-0.900947300538,-3.071080996013,
    1.897866268013));
#1722 = CARTESIAN_POINT('',(-0.721446468469,-3.120288123395,
    1.976875866063));
#1723 = CARTESIAN_POINT('',(-0.587866025191,-3.150420272328,
    2.024108462365));
#1724 = CARTESIAN_POINT('',(-0.446926982327,-3.174643939456,
    2.06136105228));
#1725 = CARTESIAN_POINT('',(-0.300558037364,-3.191465095674,
    2.086994743895));
#1726 = CARTESIAN_POINT('',(-0.150861064712,-3.2,2.1));
#1727 = CARTESIAN_POINT('',(-4.440892098501E-16,-3.2,2.1));
#1728 = PCURVE('',#61,#1729);
#1729 = DEFINITIONAL_REPRESENTATION('',(#1730),#1758);
#1730 = B_SPLINE_CURVE_WITH_KNOTS('',6,(#1731,#1732,#1733,#1734,#1735,
    #1736,#1737,#1738,#1739,#1740,#1741,#1742,#1743,#1744,#1745,#1746,
    #1747,#1748,#1749,#1750,#1751,#1752,#1753,#1754,#1755,#1756,#1757),
  .UNSPECIFIED.,.F.,.F.,(7,5,5,5,5,7),(0.,0.202961742748,0.419264167218,
    0.672396625655,0.77265553279,1.),.UNSPECIFIED.);
#1731 = CARTESIAN_POINT('',(3.99655092016,-6.E-07));
#1732 = CARTESIAN_POINT('',(3.996550907927,0.103374163884));
#1733 = CARTESIAN_POINT('',(3.999079902258,0.206590558719));
#1734 = CARTESIAN_POINT('',(4.004123637005,0.309217394229));
#1735 = CARTESIAN_POINT('',(4.011609877378,0.410805910194));
#1736 = CARTESIAN_POINT('',(4.021407105002,0.51085278908));
#1737 = CARTESIAN_POINT('',(4.046011733053,0.713125802979));
#1738 = CARTESIAN_POINT('',(4.061116183208,0.815146085323));
#1739 = CARTESIAN_POINT('',(4.078468208378,0.914681788371));
#1740 = CARTESIAN_POINT('',(4.097920037436,1.011523823082));
#1741 = CARTESIAN_POINT('',(4.11934331396,1.105400320365));
#1742 = CARTESIAN_POINT('',(4.16988892184,1.301972617185));
#1743 = CARTESIAN_POINT('',(4.199721878207,1.403529187246));
#1744 = CARTESIAN_POINT('',(4.232043917592,1.50037517426));
#1745 = CARTESIAN_POINT('',(4.266843155,1.591985241818));
#1746 = CARTESIAN_POINT('',(4.304150743613,1.677500709614));
#1747 = CARTESIAN_POINT('',(4.359820488763,1.786578875702));
#1748 = CARTESIAN_POINT('',(4.376019808903,1.816371661543));
#1749 = CARTESIAN_POINT('',(4.392622318876,1.844918338368));
#1750 = CARTESIAN_POINT('',(4.409625895415,1.87211891264));
#1751 = CARTESIAN_POINT('',(4.42702863571,1.897866268013));
#1752 = CARTESIAN_POINT('',(4.485192173084,1.976875866063));
#1753 = CARTESIAN_POINT('',(4.527940297483,2.024108462365));
#1754 = CARTESIAN_POINT('',(4.572536006069,2.06136105228));
#1755 = CARTESIAN_POINT('',(4.618464507856,2.086994743895));
#1756 = CARTESIAN_POINT('',(4.665244897662,2.1));
#1757 = CARTESIAN_POINT('',(4.712388980385,2.1));
#1758 = ( GEOMETRIC_REPRESENTATION_CONTEXT(2) 
PARAMETRIC_REPRESENTATION_CONTEXT() REPRESENTATION_CONTEXT('2D SPACE',''
  ) );
#1759 = PCURVE('',#102,#1760);
#1760 = DEFINITIONAL_REPRESENTATION('',(#1761),#1789);
#1761 = B_SPLINE_CURVE_WITH_KNOTS('',6,(#1762,#1763,#1764,#1765,#1766,
    #1767,#1768,#1769,#1770,#1771,#1772,#1773,#1774,#1775,#1776,#1777,
    #1778,#1779,#1780,#1781,#1782,#1783,#1784,#1785,#1786,#1787,#1788),
  .UNSPECIFIED.,.F.,.F.,(7,5,5,5,5,7),(0.,0.202961742748,0.419264167218,
    0.672396625655,0.77265553279,1.),.UNSPECIFIED.);
#1762 = CARTESIAN_POINT('',(4.71238869467,2.58546070647));
#1763 = CARTESIAN_POINT('',(4.76161477271,2.585460732158));
#1764 = CARTESIAN_POINT('',(4.810765393099,2.580149821729));
#1765 = CARTESIAN_POINT('',(4.859850232554,2.56955808415));
#1766 = CARTESIAN_POINT('',(4.908866025722,2.553952536248));
#1767 = CARTESIAN_POINT('',(4.95778211289,2.533837876428));
#1768 = CARTESIAN_POINT('',(5.058424201951,2.484386873193));
#1769 = CARTESIAN_POINT('',(5.110164900691,2.454511046497));
#1770 = CARTESIAN_POINT('',(5.16188826615,2.420949776671));
#1771 = CARTESIAN_POINT('',(5.213733935667,2.38443137541));
#1772 = CARTESIAN_POINT('',(5.265829265355,2.345697404662));
#1773 = CARTESIAN_POINT('',(5.379707360269,2.258447383114));
#1774 = CARTESIAN_POINT('',(5.441676169491,2.209352729267));
#1775 = CARTESIAN_POINT('',(5.504575147656,2.159278573744));
#1776 = CARTESIAN_POINT('',(5.56875574277,2.1092949785));
#1777 = CARTESIAN_POINT('',(5.634563690242,2.060609714732));
#1778 = CARTESIAN_POINT('',(5.729226444088,1.996462481942));
#1779 = CARTESIAN_POINT('',(5.756400780572,1.978689869409));
#1780 = CARTESIAN_POINT('',(5.783905504231,1.961440568508));
#1781 = CARTESIAN_POINT('',(5.811754065393,1.944815406059));
#1782 = CARTESIAN_POINT('',(5.839961014823,1.928919003987));
#1783 = CARTESIAN_POINT('',(5.933351504243,1.879711876605));
#1784 = CARTESIAN_POINT('',(6.000631999049,1.849579727672));
#1785 = CARTESIAN_POINT('',(6.069695329518,1.825356060544));
#1786 = CARTESIAN_POINT('',(6.140062494853,1.808534904326));
#1787 = CARTESIAN_POINT('',(6.211346704936,1.8));
#1788 = CARTESIAN_POINT('',(6.28318530718,1.8));
#1789 = ( GEOMETRIC_REPRESENTATION_CONTEXT(2) 
PARAMETRIC_REPRESENTATION_CONTEXT() REPRESENTATION_CONTEXT('2D SPACE',''
  ) );
#1790 = ADVANCED_FACE('',(#1791),#102,.F.);
#1791 = FACE_BOUND('',#1792,.F.);
#1792 = EDGE_LOOP('',(#1793,#1794,#1815,#1816,#1838,#1839,#1840,#1841));
#1793 = ORIENTED_EDGE('',*,*,#1266,.F.);
#1794 = ORIENTED_EDGE('',*,*,#1795,.F.);
#1795 = EDGE_CURVE('',#22,#1267,#1796,.T.);
#1796 = SEAM_CURVE('',#1797,(#1801,#1808),.PCURVE_S1.);
#1797 = LINE('',#1798,#1799);
#1798 = CARTESIAN_POINT('',(-5.143516556419E-16,-5.,2.1));
#1799 = VECTOR('',#1800,1.);
#1800 = DIRECTION('',(0.,1.,0.));
#1801 = PCURVE('',#102,#1802);
#1802 = DEFINITIONAL_REPRESENTATION('',(#1803),#1807);
#1803 = LINE('',#1804,#1805);
#1804 = CARTESIAN_POINT('',(6.28318530718,-0.));
#1805 = VECTOR('',#1806,1.);
#1806 = DIRECTION('',(0.,1.));
#1807 = ( GEOMETRIC_REPRESENTATION_CONTEXT(2) 
PARAMETRIC_REPRESENTATION_CONTEXT() REPRESENTATION_CONTEXT('2D SPACE',''
  ) );
#1808 = PCURVE('',#102,#1809);
#1809 = DEFINITIONAL_REPRESENTATION('',(#1810),#1814);
#1810 = LINE('',#1811,#1812);
#1811 = CARTESIAN_POINT('',(0.,-0.));
#1812 = VECTOR('',#1813,1.);
#1813 = DIRECTION('',(0.,1.));
#1814 = ( GEOMETRIC_REPRESENTATION_CONTEXT(2) 
PARAMETRIC_REPRESENTATION_CONTEXT() REPRESENTATION_CONTEXT('2D SPACE',''
  ) );
#1815 = ORIENTED_EDGE('',*,*,#21,.T.);
#1816 = ORIENTED_EDGE('',*,*,#1817,.T.);
#1817 = EDGE_CURVE('',#24,#1678,#1818,.T.);
#1818 = SURFACE_CURVE('',#1819,(#1824,#1831),.PCURVE_S1.);
#1819 = CIRCLE('',#1820,2.1);
#1820 = AXIS2_PLACEMENT_3D('',#1821,#1822,#1823);
#1821 = CARTESIAN_POINT('',(0.,-3.,0.));
#1822 = DIRECTION('',(0.,1.,0.));
#1823 = DIRECTION('',(0.,-0.,1.));
#1824 = PCURVE('',#102,#1825);
#1825 = DEFINITIONAL_REPRESENTATION('',(#1826),#1830);
#1826 = LINE('',#1827,#1828);
#1827 = CARTESIAN_POINT('',(0.,2.));
#1828 = VECTOR('',#1829,1.);
#1829 = DIRECTION('',(1.,0.));
#1830 = ( GEOMETRIC_REPRESENTATION_CONTEXT(2) 
PARAMETRIC_REPRESENTATION_CONTEXT() REPRESENTATION_CONTEXT('2D SPACE',''
  ) );
#1831 = PCURVE('',#158,#1832);
#1832 = DEFINITIONAL_REPRESENTATION('',(#1833),#1837);
#1833 = CIRCLE('',#1834,2.1);
#1834 = AXIS2_PLACEMENT_2D('',#1835,#1836);
#1835 = CARTESIAN_POINT('',(0.,0.));
#1836 = DIRECTION('',(1.,0.));
#1837 = ( GEOMETRIC_REPRESENTATION_CONTEXT(2) 
PARAMETRIC_REPRESENTATION_CONTEXT() REPRESENTATION_CONTEXT('2D SPACE',''
  ) );
#1838 = ORIENTED_EDGE('',*,*,#1698,.T.);
#1839 = ORIENTED_EDGE('',*,*,#1795,.T.);
#1840 = ORIENTED_EDGE('',*,*,#1376,.F.);
#1841 = ORIENTED_EDGE('',*,*,#1842,.F.);
#1842 = EDGE_CURVE('',#1241,#1377,#1843,.T.);
#1843 = SURFACE_CURVE('',#1844,(#1849,#1856),.PCURVE_S1.);
#1844 = CIRCLE('',#1845,2.1);
#1845 = AXIS2_PLACEMENT_3D('',#1846,#1847,#1848);
#1846 = CARTESIAN_POINT('',(0.,3.,0.));
#1847 = DIRECTION('',(0.,1.,0.));
#1848 = DIRECTION('',(0.,-0.,1.));
#1849 = PCURVE('',#102,#1850);
#1850 = DEFINITIONAL_REPRESENTATION('',(#1851),#1855);
#1851 = LINE('',#1852,#1853);
#1852 = CARTESIAN_POINT('',(0.,8.));
#1853 = VECTOR('',#1854,1.);
#1854 = DIRECTION('',(1.,0.));
#1855 = ( GEOMETRIC_REPRESENTATION_CONTEXT(2) 
PARAMETRIC_REPRESENTATION_CONTEXT() REPRESENTATION_CONTEXT('2D SPACE',''
  ) );
#1856 = PCURVE('',#1255,#1857);
#1857 = DEFINITIONAL_REPRESENTATION('',(#1858),#1862);
#1858 = CIRCLE('',#1859,2.1);
#1859 = AXIS2_PLACEMENT_2D('',#1860,#1861);
#1860 = CARTESIAN_POINT('',(0.,0.));
#1861 = DIRECTION('',(1.,0.));
#1862 = ( GEOMETRIC_REPRESENTATION_CONTEXT(2) 
PARAMETRIC_REPRESENTATION_CONTEXT() REPRESENTATION_CONTEXT('2D SPACE',''
  ) );
#1863 = ADVANCED_FACE('',(#1864),#158,.F.);
#1864 = FACE_BOUND('',#1865,.F.);
#1865 = EDGE_LOOP('',(#1866,#1867,#1868,#1890));
#1866 = ORIENTED_EDGE('',*,*,#1817,.F.);
#1867 = ORIENTED_EDGE('',*,*,#143,.T.);
#1868 = ORIENTED_EDGE('',*,*,#1869,.T.);
#1869 = EDGE_CURVE('',#144,#1493,#1870,.T.);
#1870 = SURFACE_CURVE('',#1871,(#1876,#1883),.PCURVE_S1.);
#1871 = CIRCLE('',#1872,7.);
#1872 = AXIS2_PLACEMENT_3D('',#1873,#1874,#1875);
#1873 = CARTESIAN_POINT('',(0.,-3.,0.));
#1874 = DIRECTION('',(0.,1.,0.));
#1875 = DIRECTION('',(0.,-0.,1.));
#1876 = PCURVE('',#158,#1877);
#1877 = DEFINITIONAL_REPRESENTATION('',(#1878),#1882);
#1878 = CIRCLE('',#1879,7.);
#1879 = AXIS2_PLACEMENT_2D('',#1880,#1881);
#1880 = CARTESIAN_POINT('',(0.,0.));
#1881 = DIRECTION('',(1.,0.));
#1882 = ( GEOMETRIC_REPRESENTATION_CONTEXT(2) 
PARAMETRIC_REPRESENTATION_CONTEXT() REPRESENTATION_CONTEXT('2D SPACE',''
  ) );
#1883 = PCURVE('',#233,#1884);
#1884 = DEFINITIONAL_REPRESENTATION('',(#1885),#1889);
#1885 = LINE('',#1886,#1887);
#1886 = CARTESIAN_POINT('',(0.,0.));
#1887 = VECTOR('',#1888,1.);
#1888 = DIRECTION('',(1.,0.));
#1889 = ( GEOMETRIC_REPRESENTATION_CONTEXT(2) 
PARAMETRIC_REPRESENTATION_CONTEXT() REPRESENTATION_CONTEXT('2D SPACE',''
  ) );
#1890 = ORIENTED_EDGE('',*,*,#1677,.F.);
#1891 = ADVANCED_FACE('',(#1892),#233,.T.);
#1892 = FACE_BOUND('',#1893,.T.);
#1893 = EDGE_LOOP('',(#1894,#1916,#1917,#1918,#1919));
#1894 = ORIENTED_EDGE('',*,*,#1895,.F.);
#1895 = EDGE_CURVE('',#1146,#1472,#1896,.T.);
#1896 = SURFACE_CURVE('',#1897,(#1902,#1909),.PCURVE_S1.);
#1897 = CIRCLE('',#1898,7.);
#1898 = AXIS2_PLACEMENT_3D('',#1899,#1900,#1901);
#1899 = CARTESIAN_POINT('',(0.,3.,0.));
#1900 = DIRECTION('',(0.,1.,0.));
#1901 = DIRECTION('',(0.,-0.,1.));
#1902 = PCURVE('',#233,#1903);
#1903 = DEFINITIONAL_REPRESENTATION('',(#1904),#1908);
#1904 = LINE('',#1905,#1906);
#1905 = CARTESIAN_POINT('',(0.,6.));
#1906 = VECTOR('',#1907,1.);
#1907 = DIRECTION('',(1.,0.));
#1908 = ( GEOMETRIC_REPRESENTATION_CONTEXT(2) 
PARAMETRIC_REPRESENTATION_CONTEXT() REPRESENTATION_CONTEXT('2D SPACE',''
  ) );
#1909 = PCURVE('',#1255,#1910);
#1910 = DEFINITIONAL_REPRESENTATION('',(#1911),#1915);
#1911 = CIRCLE('',#1912,7.);
#1912 = AXIS2_PLACEMENT_2D('',#1913,#1914);
#1913 = CARTESIAN_POINT('',(0.,0.));
#1914 = DIRECTION('',(1.,0.));
#1915 = ( GEOMETRIC_REPRESENTATION_CONTEXT(2) 
PARAMETRIC_REPRESENTATION_CONTEXT() REPRESENTATION_CONTEXT('2D SPACE',''
  ) );
#1916 = ORIENTED_EDGE('',*,*,#1145,.F.);
#1917 = ORIENTED_EDGE('',*,*,#169,.F.);
#1918 = ORIENTED_EDGE('',*,*,#1869,.T.);
#1919 = ORIENTED_EDGE('',*,*,#1492,.F.);
#1920 = ADVANCED_FACE('',(#1921),#1255,.T.);
#1921 = FACE_BOUND('',#1922,.T.);
#1922 = EDGE_LOOP('',(#1923,#1924,#1925,#1926));
#1923 = ORIENTED_EDGE('',*,*,#1842,.F.);
#1924 = ORIENTED_EDGE('',*,*,#1240,.T.);
#1925 = ORIENTED_EDGE('',*,*,#1895,.T.);
#1926 = ORIENTED_EDGE('',*,*,#1471,.F.);
#1927 = ADVANCED_FACE('',(#1928),#356,.T.);
#1928 = FACE_BOUND('',#1929,.T.);
#1929 = EDGE_LOOP('',(#1930,#1954,#1977,#1999,#2000));
#1930 = ORIENTED_EDGE('',*,*,#1931,.F.);
#1931 = EDGE_CURVE('',#1932,#1031,#1934,.T.);
#1932 = VERTEX_POINT('',#1933);
#1933 = CARTESIAN_POINT('',(-1.714505518806E-15,3.,117.));
#1934 = SURFACE_CURVE('',#1935,(#1940,#1947),.PCURVE_S1.);
#1935 = CIRCLE('',#1936,7.);
#1936 = AXIS2_PLACEMENT_3D('',#1937,#1938,#1939);
#1937 = CARTESIAN_POINT('',(0.,3.,110.));
#1938 = DIRECTION('',(0.,1.,0.));
#1939 = DIRECTION('',(0.,-0.,1.));
#1940 = PCURVE('',#356,#1941);
#1941 = DEFINITIONAL_REPRESENTATION('',(#1942),#1946);
#1942 = LINE('',#1943,#1944);
#1943 = CARTESIAN_POINT('',(0.,6.));
#1944 = VECTOR('',#1945,1.);
#1945 = DIRECTION('',(1.,0.));
#1946 = ( GEOMETRIC_REPRESENTATION_CONTEXT(2) 
PARAMETRIC_REPRESENTATION_CONTEXT() REPRESENTATION_CONTEXT('2D SPACE',''
  ) );
#1947 = PCURVE('',#834,#1948);
#1948 = DEFINITIONAL_REPRESENTATION('',(#1949),#1953);
#1949 = CIRCLE('',#1950,7.);
#1950 = AXIS2_PLACEMENT_2D('',#1951,#1952);
#1951 = CARTESIAN_POINT('',(0.,0.));
#1952 = DIRECTION('',(1.,0.));
#1953 = ( GEOMETRIC_REPRESENTATION_CONTEXT(2) 
PARAMETRIC_REPRESENTATION_CONTEXT() REPRESENTATION_CONTEXT('2D SPACE',''
  ) );
#1954 = ORIENTED_EDGE('',*,*,#1955,.F.);
#1955 = EDGE_CURVE('',#1956,#1932,#1958,.T.);
#1956 = VERTEX_POINT('',#1957);
#1957 = CARTESIAN_POINT('',(-1.714505518806E-15,-3.,117.));
#1958 = SURFACE_CURVE('',#1959,(#1963,#1970),.PCURVE_S1.);
#1959 = LINE('',#1960,#1961);
#1960 = CARTESIAN_POINT('',(-1.714505518806E-15,-3.,117.));
#1961 = VECTOR('',#1962,1.);
#1962 = DIRECTION('',(0.,1.,0.));
#1963 = PCURVE('',#356,#1964);
#1964 = DEFINITIONAL_REPRESENTATION('',(#1965),#1969);
#1965 = LINE('',#1966,#1967);
#1966 = CARTESIAN_POINT('',(0.,-0.));
#1967 = VECTOR('',#1968,1.);
#1968 = DIRECTION('',(0.,1.));
#1969 = ( GEOMETRIC_REPRESENTATION_CONTEXT(2) 
PARAMETRIC_REPRESENTATION_CONTEXT() REPRESENTATION_CONTEXT('2D SPACE',''
  ) );
#1970 = PCURVE('',#753,#1971);
#1971 = DEFINITIONAL_REPRESENTATION('',(#1972),#1976);
#1972 = LINE('',#1973,#1974);
#1973 = CARTESIAN_POINT('',(6.28318530718,-0.));
#1974 = VECTOR('',#1975,1.);
#1975 = DIRECTION('',(0.,1.));
#1976 = ( GEOMETRIC_REPRESENTATION_CONTEXT(2) 
PARAMETRIC_REPRESENTATION_CONTEXT() REPRESENTATION_CONTEXT('2D SPACE',''
  ) );
#1977 = ORIENTED_EDGE('',*,*,#1978,.T.);
#1978 = EDGE_CURVE('',#1956,#293,#1979,.T.);
#1979 = SURFACE_CURVE('',#1980,(#1985,#1992),.PCURVE_S1.);
#1980 = CIRCLE('',#1981,7.);
#1981 = AXIS2_PLACEMENT_3D('',#1982,#1983,#1984);
#1982 = CARTESIAN_POINT('',(0.,-3.,110.));
#1983 = DIRECTION('',(0.,1.,0.));
#1984 = DIRECTION('',(0.,-0.,1.));
#1985 = PCURVE('',#356,#1986);
#1986 = DEFINITIONAL_REPRESENTATION('',(#1987),#1991);
#1987 = LINE('',#1988,#1989);
#1988 = CARTESIAN_POINT('',(0.,0.));
#1989 = VECTOR('',#1990,1.);
#1990 = DIRECTION('',(1.,0.));
#1991 = ( GEOMETRIC_REPRESENTATION_CONTEXT(2) 
PARAMETRIC_REPRESENTATION_CONTEXT() REPRESENTATION_CONTEXT('2D SPACE',''
  ) );
#1992 = PCURVE('',#407,#1993);
#1993 = DEFINITIONAL_REPRESENTATION('',(#1994),#1998);
#1994 = CIRCLE('',#1995,7.);
#1995 = AXIS2_PLACEMENT_2D('',#1996,#1997);
#1996 = CARTESIAN_POINT('',(0.,0.));
#1997 = DIRECTION('',(1.,0.));
#1998 = ( GEOMETRIC_REPRESENTATION_CONTEXT(2) 
PARAMETRIC_REPRESENTATION_CONTEXT() REPRESENTATION_CONTEXT('2D SPACE',''
  ) );
#1999 = ORIENTED_EDGE('',*,*,#292,.T.);
#2000 = ORIENTED_EDGE('',*,*,#1051,.T.);
#2001 = ADVANCED_FACE('',(#2002),#834,.T.);
#2002 = FACE_BOUND('',#2003,.T.);
#2003 = EDGE_LOOP('',(#2004,#2005,#2027,#2028,#2029,#2053));
#2004 = ORIENTED_EDGE('',*,*,#819,.F.);
#2005 = ORIENTED_EDGE('',*,*,#2006,.T.);
#2006 = EDGE_CURVE('',#630,#1932,#2007,.T.);
#2007 = SURFACE_CURVE('',#2008,(#2013,#2020),.PCURVE_S1.);
#2008 = CIRCLE('',#2009,7.);
#2009 = AXIS2_PLACEMENT_3D('',#2010,#2011,#2012);
#2010 = CARTESIAN_POINT('',(0.,3.,110.));
#2011 = DIRECTION('',(0.,1.,0.));
#2012 = DIRECTION('',(0.,-0.,1.));
#2013 = PCURVE('',#834,#2014);
#2014 = DEFINITIONAL_REPRESENTATION('',(#2015),#2019);
#2015 = CIRCLE('',#2016,7.);
#2016 = AXIS2_PLACEMENT_2D('',#2017,#2018);
#2017 = CARTESIAN_POINT('',(0.,0.));
#2018 = DIRECTION('',(1.,0.));
#2019 = ( GEOMETRIC_REPRESENTATION_CONTEXT(2) 
PARAMETRIC_REPRESENTATION_CONTEXT() REPRESENTATION_CONTEXT('2D SPACE',''
  ) );
#2020 = PCURVE('',#753,#2021);
#2021 = DEFINITIONAL_REPRESENTATION('',(#2022),#2026);
#2022 = LINE('',#2023,#2024);
#2023 = CARTESIAN_POINT('',(0.,6.));
#2024 = VECTOR('',#2025,1.);
#2025 = DIRECTION('',(1.,0.));
#2026 = ( GEOMETRIC_REPRESENTATION_CONTEXT(2) 
PARAMETRIC_REPRESENTATION_CONTEXT() REPRESENTATION_CONTEXT('2D SPACE',''
  ) );
#2027 = ORIENTED_EDGE('',*,*,#1931,.T.);
#2028 = ORIENTED_EDGE('',*,*,#1030,.T.);
#2029 = ORIENTED_EDGE('',*,*,#2030,.F.);
#2030 = EDGE_CURVE('',#2031,#846,#2033,.T.);
#2031 = VERTEX_POINT('',#2032);
#2032 = CARTESIAN_POINT('',(-5.143516556419E-16,3.,112.1));
#2033 = SURFACE_CURVE('',#2034,(#2039,#2046),.PCURVE_S1.);
#2034 = CIRCLE('',#2035,2.1);
#2035 = AXIS2_PLACEMENT_3D('',#2036,#2037,#2038);
#2036 = CARTESIAN_POINT('',(0.,3.,110.));
#2037 = DIRECTION('',(0.,1.,0.));
#2038 = DIRECTION('',(0.,-0.,1.));
#2039 = PCURVE('',#834,#2040);
#2040 = DEFINITIONAL_REPRESENTATION('',(#2041),#2045);
#2041 = CIRCLE('',#2042,2.1);
#2042 = AXIS2_PLACEMENT_2D('',#2043,#2044);
#2043 = CARTESIAN_POINT('',(0.,0.));
#2044 = DIRECTION('',(1.,0.));
#2045 = ( GEOMETRIC_REPRESENTATION_CONTEXT(2) 
PARAMETRIC_REPRESENTATION_CONTEXT() REPRESENTATION_CONTEXT('2D SPACE',''
  ) );
#2046 = PCURVE('',#542,#2047);
#2047 = DEFINITIONAL_REPRESENTATION('',(#2048),#2052);
#2048 = LINE('',#2049,#2050);
#2049 = CARTESIAN_POINT('',(0.,8.));
#2050 = VECTOR('',#2051,1.);
#2051 = DIRECTION('',(1.,0.));
#2052 = ( GEOMETRIC_REPRESENTATION_CONTEXT(2) 
PARAMETRIC_REPRESENTATION_CONTEXT() REPRESENTATION_CONTEXT('2D SPACE',''
  ) );
#2053 = ORIENTED_EDGE('',*,*,#2054,.F.);
#2054 = EDGE_CURVE('',#820,#2031,#2055,.T.);
#2055 = SURFACE_CURVE('',#2056,(#2061,#2068),.PCURVE_S1.);
#2056 = CIRCLE('',#2057,2.1);
#2057 = AXIS2_PLACEMENT_3D('',#2058,#2059,#2060);
#2058 = CARTESIAN_POINT('',(0.,3.,110.));
#2059 = DIRECTION('',(0.,1.,0.));
#2060 = DIRECTION('',(0.,-0.,1.));
#2061 = PCURVE('',#834,#2062);
#2062 = DEFINITIONAL_REPRESENTATION('',(#2063),#2067);
#2063 = CIRCLE('',#2064,2.1);
#2064 = AXIS2_PLACEMENT_2D('',#2065,#2066);
#2065 = CARTESIAN_POINT('',(0.,0.));
#2066 = DIRECTION('',(1.,0.));
#2067 = ( GEOMETRIC_REPRESENTATION_CONTEXT(2) 
PARAMETRIC_REPRESENTATION_CONTEXT() REPRESENTATION_CONTEXT('2D SPACE',''
  ) );
#2068 = PCURVE('',#542,#2069);
#2069 = DEFINITIONAL_REPRESENTATION('',(#2070),#2074);
#2070 = LINE('',#2071,#2072);
#2071 = CARTESIAN_POINT('',(0.,8.));
#2072 = VECTOR('',#2073,1.);
#2073 = DIRECTION('',(1.,0.));
#2074 = ( GEOMETRIC_REPRESENTATION_CONTEXT(2) 
PARAMETRIC_REPRESENTATION_CONTEXT() REPRESENTATION_CONTEXT('2D SPACE',''
  ) );
#2075 = ADVANCED_FACE('',(#2076),#542,.F.);
#2076 = FACE_BOUND('',#2077,.F.);
#2077 = EDGE_LOOP('',(#2078,#2079,#2102,#2124,#2125,#2147,#2148,#2149));
#2078 = ORIENTED_EDGE('',*,*,#2030,.F.);
#2079 = ORIENTED_EDGE('',*,*,#2080,.F.);
#2080 = EDGE_CURVE('',#2081,#2031,#2083,.T.);
#2081 = VERTEX_POINT('',#2082);
#2082 = CARTESIAN_POINT('',(-5.143516556419E-16,-3.,112.1));
#2083 = SEAM_CURVE('',#2084,(#2088,#2095),.PCURVE_S1.);
#2084 = LINE('',#2085,#2086);
#2085 = CARTESIAN_POINT('',(-5.143516556419E-16,-5.,112.1));
#2086 = VECTOR('',#2087,1.);
#2087 = DIRECTION('',(0.,1.,0.));
#2088 = PCURVE('',#542,#2089);
#2089 = DEFINITIONAL_REPRESENTATION('',(#2090),#2094);
#2090 = LINE('',#2091,#2092);
#2091 = CARTESIAN_POINT('',(6.28318530718,-0.));
#2092 = VECTOR('',#2093,1.);
#2093 = DIRECTION('',(0.,1.));
#2094 = ( GEOMETRIC_REPRESENTATION_CONTEXT(2) 
PARAMETRIC_REPRESENTATION_CONTEXT() REPRESENTATION_CONTEXT('2D SPACE',''
  ) );
#2095 = PCURVE('',#542,#2096);
#2096 = DEFINITIONAL_REPRESENTATION('',(#2097),#2101);
#2097 = LINE('',#2098,#2099);
#2098 = CARTESIAN_POINT('',(0.,-0.));
#2099 = VECTOR('',#2100,1.);
#2100 = DIRECTION('',(0.,1.));
#2101 = ( GEOMETRIC_REPRESENTATION_CONTEXT(2) 
PARAMETRIC_REPRESENTATION_CONTEXT() REPRESENTATION_CONTEXT('2D SPACE',''
  ) );
#2102 = ORIENTED_EDGE('',*,*,#2103,.T.);
#2103 = EDGE_CURVE('',#2081,#393,#2104,.T.);
#2104 = SURFACE_CURVE('',#2105,(#2110,#2117),.PCURVE_S1.);
#2105 = CIRCLE('',#2106,2.1);
#2106 = AXIS2_PLACEMENT_3D('',#2107,#2108,#2109);
#2107 = CARTESIAN_POINT('',(0.,-3.,110.));
#2108 = DIRECTION('',(0.,1.,0.));
#2109 = DIRECTION('',(0.,-0.,1.));
#2110 = PCURVE('',#542,#2111);
#2111 = DEFINITIONAL_REPRESENTATION('',(#2112),#2116);
#2112 = LINE('',#2113,#2114);
#2113 = CARTESIAN_POINT('',(0.,2.));
#2114 = VECTOR('',#2115,1.);
#2115 = DIRECTION('',(1.,0.));
#2116 = ( GEOMETRIC_REPRESENTATION_CONTEXT(2) 
PARAMETRIC_REPRESENTATION_CONTEXT() REPRESENTATION_CONTEXT('2D SPACE',''
  ) );
#2117 = PCURVE('',#407,#2118);
#2118 = DEFINITIONAL_REPRESENTATION('',(#2119),#2123);
#2119 = CIRCLE('',#2120,2.1);
#2120 = AXIS2_PLACEMENT_2D('',#2121,#2122);
#2121 = CARTESIAN_POINT('',(0.,0.));
#2122 = DIRECTION('',(1.,0.));
#2123 = ( GEOMETRIC_REPRESENTATION_CONTEXT(2) 
PARAMETRIC_REPRESENTATION_CONTEXT() REPRESENTATION_CONTEXT('2D SPACE',''
  ) );
#2124 = ORIENTED_EDGE('',*,*,#418,.T.);
#2125 = ORIENTED_EDGE('',*,*,#2126,.T.);
#2126 = EDGE_CURVE('',#419,#2081,#2127,.T.);
#2127 = SURFACE_CURVE('',#2128,(#2133,#2140),.PCURVE_S1.);
#2128 = CIRCLE('',#2129,2.1);
#2129 = AXIS2_PLACEMENT_3D('',#2130,#2131,#2132);
#2130 = CARTESIAN_POINT('',(0.,-3.,110.));
#2131 = DIRECTION('',(0.,1.,0.));
#2132 = DIRECTION('',(0.,-0.,1.));
#2133 = PCURVE('',#542,#2134);
#2134 = DEFINITIONAL_REPRESENTATION('',(#2135),#2139);
#2135 = LINE('',#2136,#2137);
#2136 = CARTESIAN_POINT('',(0.,2.));
#2137 = VECTOR('',#2138,1.);
#2138 = DIRECTION('',(1.,0.));
#2139 = ( GEOMETRIC_REPRESENTATION_CONTEXT(2) 
PARAMETRIC_REPRESENTATION_CONTEXT() REPRESENTATION_CONTEXT('2D SPACE',''
  ) );
#2140 = PCURVE('',#407,#2141);
#2141 = DEFINITIONAL_REPRESENTATION('',(#2142),#2146);
#2142 = CIRCLE('',#2143,2.1);
#2143 = AXIS2_PLACEMENT_2D('',#2144,#2145);
#2144 = CARTESIAN_POINT('',(0.,0.));
#2145 = DIRECTION('',(1.,0.));
#2146 = ( GEOMETRIC_REPRESENTATION_CONTEXT(2) 
PARAMETRIC_REPRESENTATION_CONTEXT() REPRESENTATION_CONTEXT('2D SPACE',''
  ) );
#2147 = ORIENTED_EDGE('',*,*,#2080,.T.);
#2148 = ORIENTED_EDGE('',*,*,#2054,.F.);
#2149 = ORIENTED_EDGE('',*,*,#845,.F.);
#2150 = ADVANCED_FACE('',(#2151),#753,.T.);
#2151 = FACE_BOUND('',#2152,.T.);
#2152 = EDGE_LOOP('',(#2153,#2154,#2155,#2156));
#2153 = ORIENTED_EDGE('',*,*,#1955,.T.);
#2154 = ORIENTED_EDGE('',*,*,#2006,.F.);
#2155 = ORIENTED_EDGE('',*,*,#629,.T.);
#2156 = ORIENTED_EDGE('',*,*,#2157,.T.);
#2157 = EDGE_CURVE('',#609,#1956,#2158,.T.);
#2158 = SURFACE_CURVE('',#2159,(#2164,#2171),.PCURVE_S1.);
#2159 = CIRCLE('',#2160,7.);
#2160 = AXIS2_PLACEMENT_3D('',#2161,#2162,#2163);
#2161 = CARTESIAN_POINT('',(0.,-3.,110.));
#2162 = DIRECTION('',(0.,1.,0.));
#2163 = DIRECTION('',(0.,-0.,1.));
#2164 = PCURVE('',#753,#2165);
#2165 = DEFINITIONAL_REPRESENTATION('',(#2166),#2170);
#2166 = LINE('',#2167,#2168);
#2167 = CARTESIAN_POINT('',(0.,0.));
#2168 = VECTOR('',#2169,1.);
#2169 = DIRECTION('',(1.,0.));
#2170 = ( GEOMETRIC_REPRESENTATION_CONTEXT(2) 
PARAMETRIC_REPRESENTATION_CONTEXT() REPRESENTATION_CONTEXT('2D SPACE',''
  ) );
#2171 = PCURVE('',#407,#2172);
#2172 = DEFINITIONAL_REPRESENTATION('',(#2173),#2177);
#2173 = CIRCLE('',#2174,7.);
#2174 = AXIS2_PLACEMENT_2D('',#2175,#2176);
#2175 = CARTESIAN_POINT('',(0.,0.));
#2176 = DIRECTION('',(1.,0.));
#2177 = ( GEOMETRIC_REPRESENTATION_CONTEXT(2) 
PARAMETRIC_REPRESENTATION_CONTEXT() REPRESENTATION_CONTEXT('2D SPACE',''
  ) );
#2178 = ADVANCED_FACE('',(#2179),#407,.F.);
#2179 = FACE_BOUND('',#2180,.F.);
#2180 = EDGE_LOOP('',(#2181,#2182,#2183,#2184,#2185,#2186));
#2181 = ORIENTED_EDGE('',*,*,#608,.F.);
#2182 = ORIENTED_EDGE('',*,*,#2157,.T.);
#2183 = ORIENTED_EDGE('',*,*,#1978,.T.);
#2184 = ORIENTED_EDGE('',*,*,#392,.T.);
#2185 = ORIENTED_EDGE('',*,*,#2103,.F.);
#2186 = ORIENTED_EDGE('',*,*,#2126,.F.);
#2187 = ( GEOMETRIC_REPRESENTATION_CONTEXT(3) 
GLOBAL_UNCERTAINTY_ASSIGNED_CONTEXT((#2191)) 
GLOBAL_UNIT_ASSIGNED_CONTEXT((#2188,#2189,#2190)) REPRESENTATION_CONTEXT
('Context #1','3D Context with UNIT and UNCERTAINTY') );
#2188 = ( LENGTH_UNIT() NAMED_UNIT(*) SI_UNIT(.MILLI.,.METRE.) );
#2189 = ( NAMED_UNIT(*) PLANE_ANGLE_UNIT() SI_UNIT($,.RADIAN.) );
#2190 = ( NAMED_UNIT(*) SI_UNIT($,.STERADIAN.) SOLID_ANGLE_UNIT() );
#2191 = UNCERTAINTY_MEASURE_WITH_UNIT(LENGTH_MEASURE(1.E-07),#2188,
  'distance_accuracy_value','confusion accuracy');
#2192 = PRODUCT_RELATED_PRODUCT_CATEGORY('part',$,(#7));
ENDSEC;
END-ISO-10303-21;
